DriverId,time,Longitude,Latitude,SPEED,EngineSpeed,MAF,FuelType
0,2022-04-16 21:42:15.319093,-118.11279802617352,34.19076006060989,60.0,800,5,1
0,2022-04-16 21:50:58.319093,-118.27388977903092,33.889552599481824,41.0,750,25,1
0,2022-04-16 21:45:46.319093,-118.14507585917264,34.05884522980925,106.0,800,25,1
0,2022-04-16 21:54:15.319093,-118.25829368163068,33.903159216933915,0.0,900,17,1
0,2022-04-16 21:44:04.319093,-118.14729606399764,34.137458712627,122.0,1520,23,1
0,2022-04-16 21:46:05.319093,-118.13402323112088,34.04538477381677,101.0,3250,15,1
0,2022-04-16 21:52:22.319093,-118.27359036759916,33.920048221933456,27.0,4102,12,1
0,2022-04-16 21:48:23.319093,-118.1659002227472,33.9422722082091,112.0,750,7,1
0,2022-04-16 21:43:51.319093,-118.13953282652936,34.149302852132465,93.0,800,17,1
0,2022-04-16 21:43:16.319093,-118.14632693492122,34.164781907408035,36.0,1520,17,1
0,2022-04-16 21:54:55.319093,-118.23399189658876,33.928617475501845,45.0,3500,12,1
0,2022-04-16 21:42:31.319093,-118.12626753351216,34.189123232470216,86.0,800,7,1
0,2022-04-16 21:52:41.319093,-118.27714709727591,33.92027993205436,19.0,4102,17,1
1,2021-04-16 21:43:35.319093,-118.13754836620932,34.1578749864835,94.0,800,10,1
1,2021-04-16 21:52:48.319093,-118.2784659439794,33.91905536738959,10.0,900,7,1
1,2021-04-16 21:49:55.319093,-118.23624610117758,33.92340627781569,97.0,800,25,1
1,2021-04-16 21:51:35.319093,-118.2743682161102,33.897611297428405,60.0,3250,25,1
1,2021-04-16 21:52:57.319093,-118.2779911385427,33.91529698471027,0.0,800,23,1
1,2021-04-16 21:55:37.319093,-118.19932223655864,33.92449780992607,73.0,1700,5,1
1,2021-04-16 21:51:13.319093,-118.269298736841,33.89242039144621,0.0,3500,10,1
1,2021-04-16 21:53:30.319093,-118.268530414186,33.912044133433064,69.0,3250,7,1
1,2021-04-16 21:41:27.319093,-118.08189440033888,34.18714801107935,0.0,1700,25,1
1,2021-04-16 21:45:01.319093,-118.16064455712868,34.094974744376444,112.0,1700,15,1
1,2021-04-16 21:49:46.319093,-118.23242766261896,33.930337375976336,93.0,3250,17,1
1,2021-04-16 21:44:05.319093,-118.14887689693806,34.138373019564874,120.0,3500,23,1
1,2021-04-16 21:48:09.319093,-118.16392505006836,33.95288531405887,98.0,750,7,1
1,2021-04-16 21:49:25.319093,-118.21903599510084,33.92636790461597,98.0,800,5,1
1,2021-04-16 21:48:13.319093,-118.163057294218,33.94927976416449,101.0,800,17,1
1,2021-04-16 21:46:10.319093,-118.13106593717394,34.04186310415702,103.0,1700,15,1
1,2021-04-16 21:56:04.319093,-118.17553534272034,33.93308087154292,107.0,3500,25,1
1,2021-04-16 21:47:28.319093,-118.14614896619484,33.98037472215274,106.0,900,25,1
1,2021-04-16 21:56:11.319093,-118.16987413030915,33.93762573234132,109.0,750,10,1
1,2021-04-16 21:46:56.319093,-118.13031445779752,34.00408378448064,103.0,800,23,1
2,2021-04-16 21:52:49.319093,-118.27879272173163,33.916706482081274,27.0,900,12,1
2,2021-04-16 21:53:06.319093,-118.27713768321352,33.91701114285184,70.0,4102,23,1
2,2021-04-16 21:52:19.319093,-118.27225750792208,33.91616916622104,32.0,900,15,1
2,2021-04-16 21:41:43.319093,-118.08479309600808,34.18931391881142,58.0,3500,7,1
2,2021-04-16 21:55:15.319093,-118.21889723204008,33.92722822299517,110.0,1520,12,1
2,2021-04-16 21:42:56.319093,-118.13912201242908,34.177434173586605,116.0,1520,7,1
2,2021-04-16 21:49:00.319093,-118.1946019400977,33.925914138461096,88.0,1700,15,1
2,2021-04-16 21:43:14.319093,-118.14534069998072,34.16487164875062,60.0,1700,7,1
2,2021-04-16 21:47:20.319093,-118.1329841153457,33.98637371148499,107.0,1700,17,1
2,2021-04-16 21:54:47.319093,-118.23970650918793,33.926763660324895,90.0,1700,25,1
2,2021-04-16 21:41:17.319093,-118.08355986871914,34.19032314285829,0.0,900,2,1
2,2021-04-16 21:50:42.319093,-118.2651176545484,33.89457202061059,83.0,2000,23,1
2,2021-04-16 21:53:48.319093,-118.2652975424094,33.90449515139453,32.0,3250,5,1
2,2021-04-16 21:41:18.319093,-118.08264135576503,34.190906547188284,0.0,800,23,1
2,2021-04-16 21:47:11.319093,-118.12987284543055,33.99367578709311,102.0,1700,17,1
2,2021-04-16 21:49:02.319093,-118.19616195104716,33.9269800874849,86.0,3250,23,1
4,2021-04-16 21:53:43.319093,-118.26091520069656,33.9062586572203,41.0,3250,12,1
4,2021-04-16 21:42:41.319093,-118.13210797334985,34.18602555562519,73.0,2000,23,1
4,2021-04-16 21:53:56.319093,-118.26205896103608,33.90222391840324,0.0,800,2,1
4,2021-04-16 21:42:34.319093,-118.1289776731988,34.18936516407118,86.0,1520,10,1
4,2021-04-16 21:54:53.319093,-118.2347985362947,33.92738945740232,57.0,900,12,1
4,2021-04-16 21:49:24.319093,-118.2164679481809,33.927017908643194,97.0,800,10,1
4,2021-04-16 21:49:23.319093,-118.21667033186728,33.92885267861296,97.0,750,12,1
4,2021-04-16 21:49:56.319093,-118.2380079059865,33.92717063568357,99.0,1520,25,1
4,2021-04-16 21:44:49.319093,-118.16082084780112,34.10307158327176,108.0,1700,2,1
4,2021-04-16 21:51:55.319093,-118.26921677932124,33.905705322259585,52.0,900,15,1
4,2021-04-16 21:56:31.319093,-118.16292971845117,33.95239003516563,117.0,4102,25,1
5,2021-04-16 21:46:04.319093,-118.1341312993958,34.0448415361017,101.0,750,25,1
5,2021-04-16 21:42:19.319093,-118.11462117992572,34.191742979744355,76.0,800,5,1
5,2021-04-16 21:54:09.319093,-118.261003261064,33.90556810403377,32.0,3250,10,1
5,2021-04-16 21:42:23.319093,-118.11612517054245,34.189799406447385,87.0,1700,2,1
5,2021-04-16 21:54:05.319093,-118.26328046440536,33.90330569149098,46.0,4102,2,1
5,2021-04-16 21:42:26.319093,-118.1201136869114,34.18869234609935,91.0,750,7,1
5,2021-04-16 21:54:01.319093,-118.26341570350972,33.90116351482239,35.0,3500,2,1
5,2021-04-16 21:47:39.319093,-118.1530108486402,33.975381250494834,101.0,800,10,1
5,2021-04-16 21:42:30.319093,-118.12368403909387,34.19025617777621,86.0,1520,2,1
5,2021-04-16 21:50:08.319093,-118.24604218379264,33.916961651708014,89.0,900,2,1
5,2021-04-16 21:47:00.319093,-118.16374895578674,33.950702145931835,95.0,3500,23,1
5,2021-04-16 21:52:18.319093,-118.27404362581991,33.91518545676741,67.0,1700,12,1
5,2021-04-16 21:44:28.319093,-118.15589526813793,34.12245212175314,117.0,1520,10,1
5,2021-04-16 21:51:09.319093,-118.27042455174372,33.89101165954502,22.0,4102,2,1
5,2021-04-16 21:45:55.319093,-118.13912325673952,34.05103408143541,101.0,1520,23,1
5,2021-04-16 21:53:08.319093,-118.27687068933352,33.91499580723538,68.0,1700,5,1
5,2021-04-16 21:46:27.319093,-118.1236782430565,34.0268463331941,104.0,900,7,1
5,2021-04-16 21:47:16.319093,-118.13087990492072,33.987394397976146,104.0,750,25,1
5,2021-04-16 21:41:54.319093,-118.09392380670312,34.183381410419216,85.0,1520,23,1
5,2021-04-16 21:40:59.319093,-118.08924119475836,34.18605950880732,53.0,800,25,1
5,2021-04-16 21:41:40.319093,-118.08228757636265,34.190046465497986,54.0,1700,7,1
5,2021-04-16 21:55:35.319093,-118.1991950842142,33.925534928810364,58.0,4102,12,1
5,2021-04-16 21:55:58.319093,-118.18073191413372,33.931295671298564,108.0,750,12,1
6,2021-04-16 21:41:53.319093,-118.0936207813434,34.185481589224466,79.0,4102,2,1
6,2021-04-16 21:48:46.319093,-118.18320736043314,33.929688956579085,87.0,750,25,1
6,2021-04-16 21:45:39.319093,-118.14730839076964,34.062346365976445,111.0,3500,17,1
6,2021-04-16 21:45:06.319093,-118.1592114329372,34.08889684605765,113.0,3250,15,1
7,2021-04-16 21:46:16.319093,-118.12790682164776,34.038057673309844,101.0,4102,2,1
7,2021-04-16 21:53:36.319093,-118.26423440861794,33.907811133318226,103.0,4102,7,1
7,2021-04-16 21:53:22.319093,-118.2707048636584,33.911716408431985,41.0,750,17,1
7,2021-04-16 21:46:14.319093,-118.12921424565322,34.037689837211985,102.0,1520,5,1
7,2021-04-16 21:54:40.319093,-118.24479038183098,33.92028628435896,103.0,3500,12,1
7,2021-04-16 21:53:49.319093,-118.26186626383624,33.90293766496115,39.0,1520,10,1
7,2021-04-16 21:45:42.319093,-118.14712032075091,34.060902909863465,109.0,1520,17,1
7,2021-04-16 21:49:16.319093,-118.20954469997208,33.92629525639754,103.0,800,17,1
7,2021-04-16 21:43:19.319093,-118.14430462643888,34.16448803608583,46.0,2000,7,1
7,2021-04-16 21:52:35.319093,-118.27239225290066,33.92176495547483,52.0,800,15,1
7,2021-04-16 21:51:15.319093,-118.2694972053502,33.892584277812226,0.0,3500,15,1
7,2021-04-16 21:44:15.319093,-118.15453207027068,34.13197162339863,124.0,1520,10,1
7,2021-04-16 21:47:37.319093,-118.15167494242482,33.97749595280509,98.0,3500,2,1
8,2021-04-16 21:50:15.319093,-118.25226584175311,33.913880846430665,90.0,900,2,1
8,2021-04-16 21:45:18.319093,-118.15676865072147,34.07886743649835,107.0,750,23,1
8,2021-04-16 21:55:47.319093,-118.1894744899775,33.92866114773092,85.0,2000,2,1
8,2021-04-16 21:41:23.319093,-118.08095641751775,34.19066286652457,0.0,3250,5,1
8,2021-04-16 21:45:28.319093,-118.15221386666576,34.068919922292125,108.0,1700,25,1
8,2021-04-16 21:53:19.319093,-118.27291285258086,33.91444059412018,18.0,1700,5,1
8,2021-04-16 21:45:30.319093,-118.15202938262844,34.0690167359726,109.0,1700,10,1
8,2021-04-16 21:54:23.319093,-118.25431308760707,33.90941102771877,84.0,800,2,1
8,2021-04-16 21:51:42.319093,-118.27132665288772,33.89977571192457,41.0,3500,23,1
8,2021-04-16 21:52:59.319093,-118.2798465889606,33.915485639684434,42.0,4102,23,1
8,2021-04-16 21:41:44.319093,-118.08833516687068,34.19098089150748,57.0,3500,2,1
8,2021-04-16 21:51:24.319093,-118.27375316231172,33.89462512839363,16.0,750,2,1
8,2021-04-16 21:53:35.319093,-118.26508668770688,33.9075046198228,104.0,800,17,1
8,2021-04-16 21:56:21.319093,-118.1652988499288,33.94344357179971,115.0,1700,25,1
8,2021-04-16 21:55:02.319093,-118.22831178353016,33.9325740587576,66.0,3250,7,1
8,2021-04-16 21:45:51.319093,-118.14224508713684,34.05196979116353,104.0,800,23,1
8,2021-04-16 21:45:57.319093,-118.13862615579978,34.04987675452064,95.0,4102,10,1
8,2021-04-16 21:52:50.319093,-118.27930917144649,33.91733940745655,20.0,3500,10,1
8,2021-04-16 21:46:02.319093,-118.1360313584744,34.04778310203306,105.0,3250,25,1
8,2021-04-16 21:50:59.319093,-118.27249350885042,33.888958643938444,46.0,4102,10,1
8,2021-04-16 21:48:41.319093,-118.17867248174814,33.932360844032345,93.0,3250,15,1
9,2021-04-16 21:47:02.319093,-118.1312337531442,33.99964119837579,105.0,3500,7,1
9,2021-04-16 21:47:45.319093,-118.15898886944156,33.96953502176458,107.0,900,5,1
9,2021-04-16 21:41:26.319093,-118.08265777843602,34.192282680290816,0.0,2000,25,1
9,2021-04-16 21:50:36.319093,-118.2601926327047,33.89901596884885,88.0,900,25,1
10,2021-04-16 21:51:43.319093,-118.27247159541128,33.898786713765844,41.0,1700,2,1
10,2021-04-16 21:52:46.319093,-118.27797588577828,33.919052684194305,18.0,4102,25,1
10,2021-04-16 21:41:48.319093,-118.08887001404052,34.188136494168766,33.0,2000,25,1
10,2021-04-16 21:49:39.319093,-118.22948128070205,33.93448730968915,33.0,3250,17,1
10,2021-04-16 21:45:50.319093,-118.1418088246582,34.054167006639254,104.0,4102,15,1
10,2021-04-16 21:47:43.319093,-118.157010855388,33.97398912337787,110.0,1520,15,1
11,2021-04-16 21:54:34.319093,-118.24658530865166,33.9189181216023,70.0,3250,2,1
11,2021-04-16 21:48:20.319093,-118.16502288995572,33.943646994038524,114.0,900,25,1
11,2021-04-16 21:54:07.319093,-118.26165862481476,33.906258318983504,42.0,3500,15,1
11,2021-04-16 21:53:46.319093,-118.26202938420008,33.9052732562188,47.0,3500,15,1
11,2021-04-16 21:50:22.319093,-118.25548450836617,33.90810286811046,80.0,3500,7,1
11,2021-04-16 21:46:47.319093,-118.12682285555066,34.01280124131672,108.0,1520,12,1
11,2021-04-16 21:46:39.319093,-118.12929930066186,34.01778257010644,108.0,4102,12,1
11,2021-04-16 21:50:02.319093,-118.24320657368229,33.919992440216106,90.0,1520,15,1
11,2021-04-16 21:45:44.319093,-118.14482804374786,34.05711638904245,107.0,1520,2,1
12,2021-04-16 21:55:42.319093,-118.19223640922355,33.924985724233515,95.0,3500,15,1
12,2021-04-16 21:48:28.319093,-118.1680747166878,33.94018102265474,99.0,2000,23,1
12,2021-04-16 21:55:45.319093,-118.1911799798044,33.92812680466668,90.0,1520,17,1
12,2021-04-16 21:52:39.319093,-118.27226831953844,33.92128799000788,26.0,750,2,1
12,2021-04-16 21:42:46.319093,-118.13423448307304,34.18474154444136,112.0,750,23,1
12,2021-04-16 21:42:43.319093,-118.1339508948666,34.18543610195129,95.0,1700,5,1
12,2021-04-16 21:44:51.319093,-118.160215476336,34.10173369012189,112.0,1700,25,1
12,2021-04-16 21:55:46.319093,-118.1925729851,33.92890870541636,90.0,2000,5,1
12,2021-04-16 21:51:16.319093,-118.26967236659628,33.88950932825248,0.0,750,17,1
12,2021-04-16 21:55:26.319093,-118.20824038263314,33.925324754444965,100.0,2000,7,1
12,2021-04-16 21:43:17.319093,-118.145526551748,34.162731502755804,53.0,3500,10,1
12,2021-04-16 21:55:12.319093,-118.22258799257622,33.928419875724984,110.0,3500,12,1
13,2021-04-16 21:42:07.319093,-118.10513539635376,34.19008375712256,76.0,1700,12,1
14,2021-04-16 21:55:39.319093,-118.19594310064376,33.92452120010189,77.0,1520,5,1
14,2021-04-16 21:43:52.319093,-118.1397358550645,34.145761585323626,105.0,4102,25,1
14,2021-04-16 21:46:44.319093,-118.1279607939271,34.013264484130204,108.0,1700,17,1
14,2021-04-16 21:50:07.319093,-118.24502945374228,33.91757244023663,83.0,3250,12,1
14,2021-04-16 21:41:28.319093,-118.08223246694176,34.19207697551186,0.0,1700,10,1
14,2021-04-16 21:44:50.319093,-118.15914576343287,34.10236678032332,110.0,3250,10,1
14,2021-04-16 21:46:29.319093,-118.1262452688186,34.02563992016249,104.0,3250,15,1
14,2021-04-16 21:46:21.319093,-118.12541043536092,34.03120983525276,108.0,3500,2,1
14,2021-04-16 21:56:10.319093,-118.16998027804058,33.93482006479289,105.0,1700,7,1
14,2021-04-16 21:50:21.319093,-118.25485080475396,33.90636864226413,86.0,3250,7,1
14,2021-04-16 21:45:36.319093,-118.14806019116185,34.064726369401605,108.0,750,2,1
14,2021-04-16 21:45:13.319093,-118.1566544161376,34.082693747784816,106.0,2000,12,1
14,2021-04-16 21:51:56.319093,-118.27046756177025,33.90418419453406,59.0,800,2,1
14,2021-04-16 21:44:45.319093,-118.15714393759376,34.10440613416235,109.0,1520,12,1
14,2021-04-16 21:54:39.319093,-118.24372081515412,33.92063520154168,97.0,3500,10,1
14,2021-04-16 21:54:11.319093,-118.26012052369964,33.90607955049994,50.0,1700,5,1
14,2021-04-16 21:42:42.319093,-118.13440824991773,34.18534287138018,78.0,1520,7,1
15,2021-04-16 21:44:17.319093,-118.15502882066968,34.12739675902561,123.0,800,17,1
15,2021-04-16 21:56:07.319093,-118.17068089252533,33.93357743283842,102.0,4102,12,1
15,2021-04-16 21:53:05.319093,-118.27714012234448,33.91525544346546,62.0,3250,25,1
15,2021-04-16 21:43:04.319093,-118.14651815782952,34.17375979470743,104.0,1520,7,1
15,2021-04-16 21:48:24.319093,-118.16772915707406,33.94191489106727,114.0,2000,23,1
15,2021-04-16 21:43:34.319093,-118.13608667519053,34.15608294593388,97.0,800,17,1
16,2021-04-16 21:53:15.319093,-118.27615391585836,33.91265029353562,24.0,750,2,1
16,2021-04-16 21:45:59.319093,-118.136577131678,34.048812375062305,101.0,3500,15,1
16,2021-04-16 21:52:44.319093,-118.27716001126886,33.920283947548945,16.0,1700,25,1
16,2021-04-16 21:46:18.319093,-118.12625934800629,34.03574741926697,101.0,1700,2,1
16,2021-04-16 21:51:21.319093,-118.27340358775268,33.89310095327464,39.0,3500,10,1
16,2021-04-16 21:48:37.319093,-118.17492230100004,33.935290377544874,96.0,2000,25,1
16,2021-04-16 21:44:25.319093,-118.15824796610772,34.12448449716086,121.0,2000,10,1
16,2021-04-16 21:55:41.319093,-118.1941215410462,33.923730751437695,90.0,750,5,1
16,2021-04-16 21:55:52.319093,-118.18665544572552,33.93044635224464,103.0,1700,5,1
16,2021-04-16 21:56:23.319093,-118.1634316916996,33.946609378932536,116.0,900,5,1
16,2021-04-16 21:51:18.319093,-118.26922322809078,33.8897871209436,0.0,750,7,1
16,2021-04-16 21:54:35.319093,-118.24552920094123,33.91706024410655,71.0,900,15,1
16,2021-04-16 21:49:03.319093,-118.19641452932709,33.925507154073486,87.0,3250,25,1
16,2021-04-16 21:48:52.319093,-118.18747740386765,33.93091402914185,86.0,1700,7,1
16,2021-04-16 21:55:18.319093,-118.21331196623464,33.925863695839375,105.0,1700,5,1
16,2021-04-16 21:47:21.319093,-118.13542144704564,33.985589169670575,106.0,800,2,1
16,2021-04-16 21:53:33.319093,-118.2654047418898,33.91225836186464,96.0,2000,15,1
16,2021-04-16 21:51:36.319093,-118.27576358183772,33.89775518704701,58.0,3500,2,1
17,2021-04-16 21:50:54.319093,-118.2726940495516,33.88695993073792,76.0,900,2,1
17,2021-04-16 21:48:49.319093,-118.18563647168436,33.929955375480795,85.0,3500,7,1
17,2021-04-16 21:44:23.319093,-118.15575433208176,34.125518689424794,118.0,4102,12,1
17,2021-04-16 21:50:38.319093,-118.26261767275116,33.894753344618124,87.0,750,12,1
17,2021-04-16 21:54:30.319093,-118.24943671644084,33.9142452100835,79.0,750,12,1
17,2021-04-16 21:52:13.319093,-118.27198524467,33.91486326501632,28.0,800,10,1
17,2021-04-16 21:49:54.319093,-118.23711812139648,33.92763218176179,93.0,4102,15,1
17,2021-04-16 21:53:14.319093,-118.27538966597044,33.91071647986608,56.0,2000,23,1
17,2021-04-16 21:54:19.319093,-118.25549423618816,33.90623576256991,70.0,750,7,1
17,2021-04-16 21:51:17.319093,-118.26870208094245,33.890251563721534,0.0,4102,25,1
17,2021-04-16 21:48:36.319093,-118.17499198111106,33.93390528132882,95.0,4102,12,1
17,2021-04-16 21:48:21.319093,-118.16774990570886,33.94330154300591,110.0,900,2,1
17,2021-04-16 21:45:32.319093,-118.149060852902,34.067598609854805,108.0,750,15,1
18,2021-04-16 21:44:35.319093,-118.15699861623744,34.1157571001779,121.0,3250,15,1
18,2021-04-16 21:46:22.319093,-118.12531294963205,34.03287143676499,107.0,1520,7,1
18,2021-04-16 21:50:16.319093,-118.25052816497214,33.91080796365148,89.0,800,2,1
18,2021-04-16 21:44:42.319093,-118.15741726121344,34.10867587537292,114.0,3250,12,1
18,2021-04-16 21:41:29.319093,-118.08091180866016,34.19147556775948,0.0,4102,25,1
18,2021-04-16 21:51:59.319093,-118.271163514889,33.905630214948786,45.0,900,7,1
18,2021-04-16 21:50:46.319093,-118.26889166486323,33.890958127332155,78.0,800,25,1
18,2021-04-16 21:55:53.319093,-118.1858969203624,33.9316408030592,106.0,900,2,1
18,2021-04-16 21:53:09.319093,-118.27674451578864,33.91448816301517,46.0,800,7,1
18,2021-04-16 21:48:47.319093,-118.18171110707569,33.930388878129456,87.0,3250,12,1
18,2021-04-16 21:44:31.319093,-118.15844231288028,34.11769793654664,121.0,2000,7,1
18,2021-04-16 21:43:27.319093,-118.14138013634708,34.15909656296315,98.0,750,23,1
18,2021-04-16 21:42:51.319093,-118.13842684450223,34.180684176704766,115.0,1700,15,1
18,2021-04-16 21:52:30.319093,-118.27257321730544,33.92029567528353,36.0,2000,25,1
18,2021-04-16 21:47:01.319093,-118.13139999282144,34.000391810241666,107.0,2000,17,1
18,2021-04-16 21:51:39.319093,-118.27446946798416,33.89917984306264,32.0,3500,10,1
18,2021-04-16 21:44:14.319093,-118.1548953987953,34.13079537129879,124.0,900,5,1
19,2021-04-16 21:46:15.319093,-118.12813530655012,34.03881588289328,103.0,2000,23,1
19,2021-04-16 21:53:59.319093,-118.2613073937264,33.90293354590777,38.0,4102,15,1
19,2021-04-16 21:47:55.319093,-118.16026377466824,33.963552023795664,107.0,1520,15,1
19,2021-04-16 21:47:59.319093,-118.16064348548962,33.95957949916249,104.0,4102,2,1
19,2021-04-16 21:49:34.319093,-118.22606550364166,33.9319402552204,62.0,3500,10,1
19,2021-04-16 21:42:14.319093,-118.11098977861197,34.19051100151058,64.0,750,23,1
20,2021-04-16 21:46:45.319093,-118.12741782809684,34.01110019723669,110.0,4102,7,1
20,2021-04-16 21:42:13.319093,-118.10751037535204,34.18985863866479,68.0,3500,12,1
20,2021-04-16 21:53:26.319093,-118.26547993348316,33.91395027854976,33.0,900,15,1
21,2021-04-16 21:43:32.319093,-118.1374681591799,34.15822992676051,83.0,3250,23,1
21,2021-04-16 21:43:56.319093,-118.14375344498204,34.14449985570398,103.0,3500,25,1
21,2021-04-16 21:43:58.319093,-118.14305302227916,34.141642294405486,108.0,750,12,1
21,2021-04-16 21:52:43.319093,-118.27788029927264,33.91897808869649,16.0,750,17,1
22,2021-04-16 21:44:29.319093,-118.1579775161458,34.11987236347182,119.0,1520,10,1
22,2021-04-16 21:43:12.319093,-118.14630581501916,34.165997088696734,84.0,1520,12,1
22,2021-04-16 21:41:02.319093,-118.08645912965711,34.18866466110383,32.0,2000,15,1
23,2021-04-16 21:48:50.319093,-118.18505706577812,33.931449616878965,85.0,3500,25,1
23,2021-04-16 21:50:09.319093,-118.24918836813666,33.91914144434874,90.0,750,10,1
23,2021-04-16 21:56:13.319093,-118.1666943241783,33.93817499902942,109.0,4102,15,1
23,2021-04-16 21:41:55.319093,-118.09430497559865,34.18368337188764,76.0,3250,25,1
23,2021-04-16 21:53:58.319093,-118.26227920379458,33.90389155746193,1.0,1520,10,1
23,2021-04-16 21:56:16.319093,-118.1660157410611,33.940857205485266,114.0,3250,23,1
23,2021-04-16 21:49:51.319093,-118.23533214556032,33.92696408566685,87.0,3500,23,1
23,2021-04-16 21:44:34.319093,-118.15830426674748,34.115993679466854,119.0,800,12,1
23,2021-04-16 21:43:46.319093,-118.13705288046329,34.15127295986391,102.0,1520,7,1
23,2021-04-16 21:52:17.319093,-118.2717340861184,33.91485108293834,67.0,3500,2,1
24,2021-04-16 21:56:02.319093,-118.17743137556776,33.93541183577154,107.0,750,5,1
24,2021-04-16 21:45:14.319093,-118.15571597572304,34.081815279894485,106.0,4102,7,1
24,2021-04-16 21:49:07.319093,-118.20105208805847,33.92584408187804,97.0,2000,2,1
24,2021-04-16 21:42:16.319093,-118.1142306156908,34.19040376551345,17.0,1700,17,1
24,2021-04-16 21:53:00.319093,-118.2788892049861,33.916473166876,35.0,3500,10,1
24,2021-04-16 21:52:08.319093,-118.26994397967584,33.911413443986376,0.0,3500,7,1
24,2021-04-16 21:52:25.319093,-118.27384508588872,33.921847794499605,30.0,3250,23,1
24,2021-04-16 21:54:14.319093,-118.25596804432855,33.90606831728447,0.0,900,10,1
24,2021-04-16 21:55:32.319093,-118.20224591459564,33.925642309947804,60.0,2000,7,1
24,2021-04-16 21:50:26.319093,-118.2550965374136,33.904805797168066,22.0,4102,7,1
24,2021-04-16 21:50:29.319093,-118.25715822909476,33.9023699994144,64.0,1700,25,1
24,2021-04-16 21:51:46.319093,-118.26912198961573,33.900370293304384,40.0,3500,10,1
24,2021-04-16 21:56:25.319093,-118.1663435241692,33.94562340639683,118.0,3250,5,1
24,2021-04-16 21:50:39.319093,-118.2642057466818,33.89750200113815,85.0,800,12,1
24,2021-04-16 21:51:32.319093,-118.27374349140524,33.89511462940476,67.0,3250,10,1
25,2021-04-16 21:45:12.319093,-118.1550644522183,34.0832816905725,107.0,750,12,1
25,2021-04-16 21:52:26.319093,-118.27069137741994,33.92071237177121,0.0,2000,5,1
25,2021-04-16 21:51:29.319093,-118.27263399274594,33.89445499122307,58.0,4102,12,1
25,2021-04-16 21:49:31.319093,-118.22345350371435,33.9305175230332,98.0,2000,23,1
25,2021-04-16 21:45:22.319093,-118.15354176449628,34.076694313547,110.0,800,7,1
25,2021-04-16 21:48:30.319093,-118.16768245793112,33.93743462489007,102.0,4102,12,1
25,2021-04-16 21:48:34.319093,-118.17377744909015,33.935620352758065,99.0,3250,5,1
25,2021-04-16 21:41:57.319093,-118.09540391884536,34.187741064555034,68.0,1700,7,1
27,2021-04-16 21:51:00.319093,-118.27154772027065,33.891021542904376,45.0,3250,25,1
28,2021-04-16 21:52:12.319093,-118.27259393674473,33.9132647357882,33.0,750,23,1
28,2021-04-16 21:41:59.319093,-118.09789073625603,34.185985048329805,76.0,3250,23,1
28,2021-04-16 21:46:08.319093,-118.13052166841356,34.04237946305041,104.0,1520,15,1
28,2021-04-16 21:44:26.319093,-118.15587269184071,34.123662657632195,116.0,4102,17,1
28,2021-04-16 21:48:14.319093,-118.16441916886724,33.94955869127339,103.0,4102,15,1
28,2021-04-16 21:50:57.319093,-118.27093213938156,33.887431522668585,21.0,800,12,1
28,2021-04-16 21:55:51.319093,-118.18742873935015,33.93048929596505,98.0,800,12,1
28,2021-04-16 21:50:55.319093,-118.27200050189242,33.8869418810358,36.0,800,25,1
28,2021-04-16 21:50:41.319093,-118.26298785750014,33.89596047492068,78.0,800,15,1
28,2021-04-16 21:54:29.319093,-118.24918787213664,33.91492232706408,83.0,4102,10,1
29,2021-04-16 21:47:10.319093,-118.13215864043806,33.99389907007104,102.0,3500,10,1
29,2021-04-16 21:55:40.319093,-118.1941585213218,33.924493836939234,80.0,1700,25,1
29,2021-04-16 21:50:44.319093,-118.26581456994684,33.892321531239254,84.0,800,17,1
30,2021-04-16 21:41:07.319093,-118.08393470374344,34.190146024335306,48.0,1700,10,1
30,2021-04-16 21:49:44.319093,-118.2317453469622,33.93092193336504,84.0,2000,7,1
30,2021-04-16 21:54:41.319093,-118.24196195821428,33.922660833875014,104.0,800,25,1
30,2021-04-16 21:45:49.319093,-118.14326232783496,34.053439831433785,104.0,2000,17,1
30,2021-04-16 21:42:29.319093,-118.12275108903492,34.188622125434435,87.0,750,7,1
30,2021-04-16 21:53:37.319093,-118.26386047264732,33.9100874893942,104.0,1700,15,1
31,2021-04-16 21:49:50.319093,-118.2338943760912,33.92910226779397,85.0,2000,25,1
31,2021-04-16 21:55:03.319093,-118.2288459736384,33.92998777629271,72.0,1700,5,1
31,2021-04-16 21:48:55.319093,-118.188943530871,33.92906168909427,88.0,750,15,1
31,2021-04-16 21:49:12.319093,-118.20596112343053,33.9275688068568,97.0,1700,23,1
31,2021-04-16 21:49:20.319093,-118.21458059885128,33.92380782555139,97.0,1700,15,1
32,2021-04-16 21:48:45.319093,-118.18352204145214,33.93156235514098,87.0,900,23,1
32,2021-04-16 21:46:53.319093,-118.12910988999414,34.00534583552316,106.0,4102,23,1
32,2021-04-16 21:48:04.319093,-118.1624895556298,33.95661340411549,101.0,4102,7,1
32,2021-04-16 21:46:20.319093,-118.12613267875145,34.033315431696856,103.0,1700,25,1
32,2021-04-16 21:46:42.319093,-118.12689645596484,34.014693058412426,109.0,2000,25,1
32,2021-04-16 21:53:17.319093,-118.2739756252557,33.9129500076312,29.0,3250,25,1
32,2021-04-16 21:44:20.319093,-118.15619636402344,34.1281125007836,124.0,3250,15,1
33,2021-04-16 21:44:53.319093,-118.15807878518687,34.098873626822034,116.0,3500,17,1
33,2021-04-16 21:48:22.319093,-118.16628730707592,33.94292844727898,110.0,3250,15,1
33,2021-04-16 21:50:27.319093,-118.25417531163949,33.90413051731074,0.0,800,25,1
33,2021-04-16 21:42:11.319093,-118.10802836405443,34.19073037146266,85.0,2000,10,1
33,2021-04-16 21:51:19.319093,-118.26855857732734,33.891669977451045,32.0,3500,10,1
33,2021-04-16 21:53:12.319093,-118.27487658961915,33.91416044893536,51.0,3500,5,1
33,2021-04-16 21:54:58.319093,-118.23349869103652,33.929716501138785,62.0,900,23,1
33,2021-04-16 21:56:08.319093,-118.1713514411428,33.93430395682068,100.0,800,23,1
33,2021-04-16 21:48:53.319093,-118.18959956923617,33.93011929676484,86.0,900,10,1
33,2021-04-16 21:49:14.319093,-118.2097313038514,33.926608144879985,101.0,4102,2,1
35,2021-04-16 21:50:24.319093,-118.25556996587264,33.90564425046897,72.0,4102,17,1
35,2021-04-16 21:48:31.319093,-118.16790433429476,33.93702398920081,104.0,900,17,1
35,2021-04-16 21:45:56.319093,-118.138827863684,34.049994409068496,97.0,4102,7,1
35,2021-04-16 21:41:05.319093,-118.08608576529424,34.18876479856378,35.0,4102,25,1
35,2021-04-16 21:50:35.319093,-118.2620919002112,33.90016734887325,87.0,3500,5,1
35,2021-04-16 21:48:11.319093,-118.1650862027953,33.951497442973285,95.0,3500,7,1
35,2021-04-16 21:48:03.319093,-118.1641719639213,33.956595994039176,104.0,4102,25,1
35,2021-04-16 21:43:30.319093,-118.1386373616442,34.15691998627673,63.0,3250,5,1
35,2021-04-16 21:48:00.319093,-118.16327960722084,33.95919791911005,106.0,900,5,1
36,2021-04-16 21:51:50.319093,-118.26852192016013,33.901863731344605,45.0,900,12,1
36,2021-04-16 21:53:20.319093,-118.27096478743114,33.91122740291163,36.0,3250,17,1
36,2021-04-16 21:55:04.319093,-118.2284709269844,33.93139298619018,72.0,900,23,1
36,2021-04-16 21:44:21.319093,-118.15579405724516,34.127780817633216,125.0,750,12,1
37,2021-04-16 21:44:59.319093,-118.16064589249235,34.095120622470674,111.0,1520,17,1
37,2021-04-16 21:55:09.319093,-118.22333413901094,33.929894507464425,98.0,750,5,1
37,2021-04-16 21:49:13.319093,-118.2059587746922,33.92469354711669,100.0,800,25,1
37,2021-04-16 21:44:11.319093,-118.15305234763387,34.1344501258533,123.0,800,15,1
38,2021-04-16 21:56:29.319093,-118.16338228810166,33.95092648693694,118.0,750,7,1
38,2021-04-16 21:56:09.319093,-118.1701640488255,33.93613111509552,103.0,3500,25,1
39,2021-04-16 21:52:00.319093,-118.2701921830066,33.90824781610753,43.0,750,23,1
39,2021-04-16 21:44:12.319093,-118.15443150861311,34.135361251462534,125.0,1700,15,1
39,2021-04-16 21:54:27.319093,-118.25075395344534,33.91260950577392,82.0,800,23,1
39,2021-04-16 21:53:29.319093,-118.26695575024648,33.912984381425964,63.0,1520,17,1
39,2021-04-16 21:51:58.319093,-118.26896369630462,33.90468899358187,63.0,900,12,1
39,2021-04-16 21:42:33.319093,-118.12869033558412,34.18820671511962,87.0,3500,5,1
39,2021-04-16 21:49:27.319093,-118.21853029055896,33.92694283977677,101.0,1520,23,1
39,2021-04-16 21:47:34.319093,-118.14749875879312,33.97646557438711,105.0,1700,25,1
40,2021-04-16 21:46:01.319093,-118.1380451897114,34.04847379728881,95.0,800,5,1
40,2021-04-16 21:54:03.319093,-118.26530682569164,33.904373526441866,42.0,3250,12,1
40,2021-04-16 21:45:10.319093,-118.15606277387803,34.0853117316715,112.0,800,12,1
40,2021-04-16 21:43:05.319093,-118.1460686254348,34.17101249908664,93.0,1700,12,1
40,2021-04-16 21:45:37.319093,-118.1494798487606,34.062147335390456,109.0,2000,12,1
40,2021-04-16 21:44:54.319093,-118.15869903023514,34.09675592240316,117.0,1520,17,1
40,2021-04-16 21:48:08.319093,-118.16579839515023,33.95278697823812,104.0,3500,12,1
41,2021-04-16 21:55:13.319093,-118.21966312270808,33.926032923769085,109.0,1520,7,1
41,2021-04-16 21:43:49.319093,-118.13992852900525,34.14766000416126,67.0,3500,7,1
41,2021-04-16 21:47:48.319093,-118.15883805636588,33.97037688309404,104.0,3250,7,1
41,2021-04-16 21:55:28.319093,-118.205733621415,33.92433307767603,100.0,3500,7,1
41,2021-04-16 21:47:38.319093,-118.15315866041207,33.976723125184286,100.0,800,17,1
41,2021-04-16 21:51:30.319093,-118.27207105159448,33.892420386947634,65.0,1520,7,1
41,2021-04-16 21:46:59.319093,-118.12945273461538,34.000090956629464,107.0,800,23,1
41,2021-04-16 21:47:53.319093,-118.1615806100514,33.965701272931355,107.0,900,17,1
41,2021-04-16 21:44:10.319093,-118.15054698867256,34.13547022082697,120.0,1520,15,1
41,2021-04-16 21:48:18.319093,-118.16539107577404,33.94508753187752,114.0,800,17,1
41,2021-04-16 21:50:48.319093,-118.26867261104776,33.890793079447626,82.0,4102,7,1
41,2021-04-16 21:41:13.319093,-118.0828764155712,34.19068699109516,19.0,2000,5,1
41,2021-04-16 21:53:27.319093,-118.26666815854112,33.91314082135672,50.0,800,12,1
41,2021-04-16 21:45:33.319093,-118.15017085859928,34.06747103371917,108.0,3500,10,1
41,2021-04-16 21:45:31.319093,-118.15188461648052,34.06790063306972,109.0,1700,7,1
41,2021-04-16 21:53:16.319093,-118.2731585578286,33.91318530846532,35.0,750,25,1
41,2021-04-16 21:49:59.319093,-118.2421961457818,33.9240716113538,97.0,800,12,1
41,2021-04-16 21:46:52.319093,-118.12905442672589,34.00537755282538,107.0,750,23,1
41,2021-04-16 21:50:03.319093,-118.2460410187706,33.92070050188228,87.0,2000,23,1
41,2021-04-16 21:54:33.319093,-118.24803712065793,33.917836972338115,70.0,4102,23,1
41,2021-04-16 21:50:32.319093,-118.25897847207165,33.9022739874997,87.0,1520,15,1
41,2021-04-16 21:44:38.319093,-118.15915524094292,34.113596446147554,122.0,800,7,1
41,2021-04-16 21:45:09.319093,-118.15817961281302,34.08486488771858,113.0,4102,2,1
42,2021-04-16 21:50:13.319093,-118.24818367531994,33.91545420587209,91.0,1700,5,1
42,2021-04-16 21:50:20.319093,-118.2537822601302,33.91101187648677,91.0,800,25,1
42,2021-04-16 21:53:47.319093,-118.2629782037852,33.903276288521745,8.0,1700,23,1
42,2021-04-16 21:52:42.319093,-118.27785919381547,33.91899557945425,29.0,800,23,1
42,2021-04-16 21:49:04.319093,-118.19931353170212,33.92594591126495,92.0,1700,15,1
42,2021-04-16 21:48:44.319093,-118.1823098450378,33.932073369604176,86.0,900,12,1
42,2021-04-16 21:41:39.319093,-118.0828220731355,34.18992519159754,49.0,900,23,1
44,2021-04-16 21:41:32.319093,-118.08096557633934,34.19029495642302,0.0,800,2,1
44,2021-04-16 21:56:06.319093,-118.17378288597212,33.93429062806969,106.0,4102,25,1
44,2021-04-16 21:49:40.319093,-118.22985164505896,33.933077405755704,49.0,3500,23,1
44,2021-04-16 21:46:36.319093,-118.1250512526662,34.01945585400994,106.0,1520,10,1
44,2021-04-16 21:47:09.319093,-118.1303196953428,33.99334863805417,106.0,3250,17,1
44,2021-04-16 21:48:59.319093,-118.19414263785198,33.92634995570267,89.0,1520,25,1
44,2021-04-16 21:44:56.319093,-118.1585981086242,34.09746305748754,116.0,1520,15,1
44,2021-04-16 21:45:40.319093,-118.14604417285588,34.062136828874344,111.0,800,2,1
44,2021-04-16 21:54:50.319093,-118.2358818097208,33.92699699207368,85.0,900,2,1
44,2021-04-16 21:56:15.319093,-118.16776944653904,33.939053489865564,113.0,800,7,1
44,2021-04-16 21:48:43.319093,-118.1830276257032,33.933330733665954,91.0,1520,2,1
44,2021-04-16 21:43:15.319093,-118.14512244000848,34.163991551114194,58.0,3500,25,1
44,2021-04-16 21:55:59.319093,-118.17774767577612,33.93300507374506,109.0,2000,12,1
44,2021-04-16 21:42:25.319093,-118.1187822349984,34.18893750440477,96.0,3250,10,1
45,2021-04-16 21:43:10.319093,-118.1446767515378,34.17038586163336,82.0,900,12,1
45,2021-04-16 21:47:57.319093,-118.16306303036464,33.96208230537206,104.0,800,10,1
45,2021-04-16 21:49:37.319093,-118.22573470560276,33.93381639563426,3.0,750,7,1
45,2021-04-16 21:41:34.319093,-118.08168394780375,34.19185101444192,24.0,2000,15,1
45,2021-04-16 21:51:37.319093,-118.27536141457298,33.89971674857476,34.0,750,2,1
45,2021-04-16 21:52:56.319093,-118.2782784088748,33.91635725996404,0.0,3500,25,1
45,2021-04-16 21:45:41.319093,-118.14680899761684,34.05891561374152,110.0,3500,23,1
45,2021-04-16 21:41:38.319093,-118.08336560122385,34.189691827390284,40.0,3250,25,1
45,2021-04-16 21:42:00.319093,-118.0998083533172,34.185274015112554,78.0,3250,7,1
45,2021-04-16 21:48:57.319093,-118.19253936613852,33.92730869345555,84.0,4102,2,1
45,2021-04-16 21:42:01.319093,-118.1005153817648,34.18612274974489,84.0,2000,25,1
45,2021-04-16 21:42:05.319093,-118.10300514454984,34.18895815698423,87.0,1700,23,1
45,2021-04-16 21:52:51.319093,-118.2786703533888,33.916222418128406,10.0,3500,5,1
45,2021-04-16 21:52:09.319093,-118.2718165669388,33.91395699678953,15.0,3500,15,1
45,2021-04-16 21:46:28.319093,-118.12605054800596,34.0249581998531,104.0,3250,17,1
45,2021-04-16 21:52:52.319093,-118.28166936740986,33.91556529346425,14.0,750,5,1
45,2021-04-16 21:43:43.319093,-118.13478300149384,34.15268258363763,109.0,800,12,1
45,2021-04-16 21:41:52.319093,-118.0923079283188,34.185420455341,75.0,4102,17,1
45,2021-04-16 21:48:40.319093,-118.17879807892687,33.93524838412179,93.0,3250,25,1
45,2021-04-16 21:44:48.319093,-118.15864750292307,34.103689009852545,108.0,1700,15,1
45,2021-04-16 21:42:52.319093,-118.1363937163832,34.178568078416696,114.0,1520,12,1
45,2021-04-16 21:55:54.319093,-118.18490213659943,33.930505686532804,106.0,800,7,1
45,2021-04-16 21:51:31.319093,-118.2748490854928,33.894397607084315,73.0,3500,25,1
45,2021-04-16 21:42:44.319093,-118.1344963544624,34.185147661519444,103.0,2000,17,1
45,2021-04-16 21:51:44.319093,-118.27261326805404,33.900316532594765,38.0,4102,17,1
45,2021-04-16 21:44:19.319093,-118.15446671866871,34.127769860648016,124.0,900,23,1
45,2021-04-16 21:44:06.319093,-118.14812606616736,34.138418575872976,118.0,900,5,1
45,2021-04-16 21:55:31.319093,-118.2034559365209,33.925499806642605,75.0,3500,10,1
45,2021-04-16 21:53:13.319093,-118.27566551202976,33.91432918430266,51.0,1520,25,1
45,2021-04-16 21:53:10.319093,-118.2759309376658,33.91285618198578,6.0,3250,12,1
45,2021-04-16 21:55:19.319093,-118.21521137433804,33.92516530644065,104.0,3250,2,1
45,2021-04-16 21:53:45.319093,-118.26258763786296,33.906831731161994,42.0,3250,15,1
45,2021-04-16 21:55:36.319093,-118.20055021223934,33.924563575627275,72.0,1700,5,1
45,2021-04-16 21:53:34.319093,-118.2641738420815,33.91019141647707,101.0,1700,5,1
46,2021-04-16 21:54:20.319093,-118.25485715845676,33.90732004400961,78.0,750,2,1
46,2021-04-16 21:43:07.319093,-118.14336461300528,34.170593066906406,63.0,3250,10,1
46,2021-04-16 21:52:55.319093,-118.27874513189724,33.91651039678914,9.0,1520,12,1
46,2021-04-16 21:41:08.319093,-118.08257096283572,34.189943609632465,48.0,3250,25,1
46,2021-04-16 21:44:22.319093,-118.15605836015844,34.126255474311705,120.0,750,15,1
46,2021-04-16 21:48:54.319093,-118.18995563800672,33.92905261497873,88.0,750,23,1
46,2021-04-16 21:51:57.319093,-118.27159350173822,33.904267946402825,59.0,800,12,1
46,2021-04-16 21:43:53.319093,-118.1418806124652,34.147848814730445,109.0,3250,25,1
46,2021-04-16 21:44:01.319093,-118.14639842275714,34.14127942912591,119.0,800,25,1
46,2021-04-16 21:44:58.319093,-118.15966687485536,34.095949462819426,113.0,3500,17,1
46,2021-04-16 21:52:37.319093,-118.27394498228192,33.921569242440555,10.0,1520,12,1
46,2021-04-16 21:56:26.319093,-118.16317574125168,33.94779772656049,120.0,750,15,1
46,2021-04-16 21:55:38.319093,-118.1952278902064,33.92383961069044,75.0,3250,12,1
46,2021-04-16 21:46:24.319093,-118.1262524089572,34.031581514196894,107.0,800,15,1
46,2021-04-16 21:51:49.319093,-118.26944464158947,33.89984089840099,43.0,2000,23,1
46,2021-04-16 21:45:15.319093,-118.15598480640986,34.08047977517151,107.0,750,17,1
46,2021-04-16 21:43:44.319093,-118.13769197297223,34.152952749836615,111.0,750,25,1
46,2021-04-16 21:44:07.319093,-118.14928026570186,34.137122536460865,119.0,1520,2,1
47,2021-04-16 21:46:19.319093,-118.12490122632472,34.03460607104483,101.0,2000,23,1
47,2021-04-16 21:51:33.319093,-118.27514344275906,33.897204517136025,64.0,1700,17,1
47,2021-04-16 21:51:34.319093,-118.27418710140353,33.89543488234672,59.0,2000,7,1
47,2021-04-16 21:42:39.319093,-118.13131555855604,34.188047281600944,87.0,3500,25,1
47,2021-04-16 21:51:40.319093,-118.27313708957928,33.8988764447845,43.0,3250,25,1
47,2021-04-16 21:55:24.319093,-118.2103476074721,33.924049360087544,100.0,1700,15,1
47,2021-04-16 21:51:10.319093,-118.26971520794882,33.89089005527349,16.0,2000,2,1
47,2021-04-16 21:50:47.319093,-118.26923606967485,33.89112157656919,76.0,750,5,1
47,2021-04-16 21:53:41.319093,-118.26462712961128,33.90713426419093,50.0,900,17,1
47,2021-04-16 21:51:54.319093,-118.26944676940484,33.905472361338155,19.0,1520,12,1
47,2021-04-16 21:53:44.319093,-118.26083909610163,33.907676867834695,27.0,1700,2,1
47,2021-04-16 21:41:20.319093,-118.08290204242395,34.19212471871605,0.0,3250,17,1
47,2021-04-16 21:50:10.319093,-118.24949049930608,33.916581059572444,90.0,2000,10,1
47,2021-04-16 21:42:17.319093,-118.11417901273433,34.192522668369826,60.0,2000,17,1
47,2021-04-16 21:55:57.319093,-118.18112879586644,33.93279039261025,108.0,1520,12,1
47,2021-04-16 21:42:21.319093,-118.11630486535871,34.19016788368391,86.0,900,7,1
47,2021-04-16 21:43:18.319093,-118.14775848582936,34.1628441584726,43.0,800,5,1
47,2021-04-16 21:41:03.319093,-118.08727910558603,34.18817105525333,47.0,3250,17,1
47,2021-04-16 21:54:44.319093,-118.23987243447252,33.92452792781539,97.0,1700,15,1
47,2021-04-16 21:48:16.319093,-118.16462597779092,33.947466685785805,109.0,750,15,1
47,2021-04-16 21:47:24.319093,-118.14061024969656,33.98369377159549,101.0,1700,7,1
47,2021-04-16 21:42:03.319093,-118.10226877417996,34.185700127933394,86.0,750,5,1
47,2021-04-16 21:56:28.319093,-118.16144572346803,33.94883287658693,119.0,900,10,1
47,2021-04-16 21:48:10.319093,-118.1652117724886,33.95144270848336,94.0,4102,15,1
48,2021-04-16 21:44:57.319093,-118.16136754390872,34.096615450246546,115.0,2000,15,1
48,2021-04-16 21:55:07.319093,-118.22526584823466,33.93122043432233,81.0,3500,10,1
48,2021-04-16 21:52:15.319093,-118.2719872099752,33.914859064180625,56.0,2000,7,1
48,2021-04-16 21:45:02.319093,-118.15902674616078,34.09088054506919,113.0,3500,25,1
49,2021-04-16 21:47:54.319093,-118.16275304879404,33.96350337746175,107.0,1520,5,1
49,2021-04-16 21:44:41.319093,-118.15916737311666,34.11016700921063,116.0,4102,15,1
49,2021-04-16 21:42:28.319093,-118.12132879079344,34.18954299586956,87.0,1700,7,1
49,2021-04-16 21:45:47.319093,-118.14328033840228,34.05721110103428,105.0,3250,10,1
49,2021-04-16 21:43:54.319093,-118.1424416303339,34.146460817771946,109.0,900,12,1
49,2021-04-16 21:53:53.319093,-118.26243310353922,33.90398290110666,0.0,2000,23,1
49,2021-04-16 21:50:28.319093,-118.25664184841916,33.90314160622357,52.0,2000,5,1
49,2021-04-16 21:49:19.319093,-118.21358928167842,33.92686270054414,97.0,1700,5,1
49,2021-04-16 21:44:47.319093,-118.15940563616005,34.10577308722923,108.0,1520,10,1
49,2021-04-16 21:42:40.319093,-118.1333764878194,34.188368806082416,83.0,1520,25,1
49,2021-04-16 21:54:10.319093,-118.26147591846278,33.90698011583189,56.0,3500,17,1
49,2021-04-16 21:56:03.319093,-118.1765548992504,33.93518593502367,106.0,750,7,1
49,2021-04-16 21:52:45.319093,-118.2778817346986,33.91878187282708,8.0,900,25,1
49,2021-04-16 21:54:13.319093,-118.2559364080648,33.90488791701593,36.0,900,15,1
49,2021-04-16 21:49:06.319093,-118.19849838625623,33.925951088322456,97.0,1520,12,1
49,2021-04-16 21:53:54.319093,-118.2621056629484,33.901692488108104,0.0,1520,12,1
49,2021-04-16 21:44:30.319093,-118.1558713078152,34.118062823604696,120.0,3500,25,1
49,2021-04-16 21:41:58.319093,-118.09724490388255,34.18706136495023,70.0,3250,5,1
49,2021-04-16 21:51:51.319093,-118.269011352524,33.90074951561184,21.0,1520,10,1
49,2021-04-16 21:44:24.319093,-118.15625712811384,34.12478017888853,120.0,4102,5,1
49,2021-04-16 21:46:09.319093,-118.1302336007739,34.04153187309485,104.0,1700,17,1
49,2021-04-16 21:52:33.319093,-118.2722313029199,33.92052899676829,53.0,4102,12,1
49,2021-04-16 21:51:07.319093,-118.27207122903356,33.89436531421847,26.0,1520,12,1
49,2021-04-16 21:46:34.319093,-118.12639427816968,34.021084873327304,104.0,1700,5,1
49,2021-04-16 21:44:09.319093,-118.15196348225986,34.1356607829056,120.0,4102,15,1
49,2021-04-16 21:42:55.319093,-118.13893755454028,34.18055239593124,116.0,800,10,1
49,2021-04-16 21:43:55.319093,-118.14285372895183,34.144275696460475,103.0,900,2,1
49,2021-04-16 21:51:03.319093,-118.27253953888255,33.89325455973934,25.0,3500,17,1
49,2021-04-16 21:49:57.319093,-118.23888891697877,33.92492563617706,98.0,4102,23,1
49,2021-04-16 21:54:21.319093,-118.25254901335856,33.908531477371966,80.0,900,7,1
49,2021-04-16 21:43:40.319093,-118.13632539099964,34.15146638384052,109.0,1520,10,1
49,2021-04-16 21:46:35.319093,-118.12594684755724,34.02043583990129,104.0,800,17,1
49,2021-04-16 21:52:58.319093,-118.27860602879316,33.917181671112104,1.0,1520,5,1
50,2021-04-16 21:51:38.319093,-118.27511350611746,33.89755990601624,27.0,800,23,1
50,2021-04-16 21:52:28.319093,-118.272956711576,33.921445019284214,0.0,2000,12,1
50,2021-04-16 21:43:09.319093,-118.14506559763848,34.1676862377046,73.0,2000,7,1
50,2021-04-16 21:53:57.319093,-118.263653631219,33.9012884604763,18.0,2000,10,1
50,2021-04-16 21:53:04.319093,-118.27875734364916,33.91736865298251,53.0,750,23,1
50,2021-04-16 21:54:52.319093,-118.23471512586912,33.92936503789092,57.0,3500,23,1
50,2021-04-16 21:49:22.319093,-118.21459965435564,33.92589664514804,98.0,3250,2,1
50,2021-04-16 21:45:17.319093,-118.15571312646236,34.07830523357327,108.0,4102,7,1
50,2021-04-16 21:46:32.319093,-118.12791919523936,34.023752087215904,102.0,4102,23,1
51,2021-04-16 21:50:04.319093,-118.245317135333,33.920700087350085,85.0,4102,23,1
51,2021-04-16 21:47:56.319093,-118.16156475807875,33.962881515246345,107.0,750,12,1
51,2021-04-16 21:42:37.319093,-118.13085009511715,34.190399288919714,88.0,900,7,1
51,2021-04-16 21:44:44.319093,-118.15678055845495,34.10844717369913,110.0,4102,12,1
51,2021-04-16 21:47:40.319093,-118.15457873286978,33.97566261488318,104.0,750,10,1
51,2021-04-16 21:51:47.319093,-118.26753001205728,33.898679278470546,43.0,3250,15,1
51,2021-04-16 21:53:38.319093,-118.26438007565808,33.9082939626798,102.0,3500,2,1
51,2021-04-16 21:52:32.319093,-118.27169006446694,33.92192266975001,49.0,2000,10,1
51,2021-04-16 21:50:45.319093,-118.26722155839984,33.89266341626698,81.0,3250,15,1
51,2021-04-16 21:47:35.319093,-118.1499501864338,33.977503663040274,102.0,1520,25,1
51,2021-04-16 21:53:28.319093,-118.26417503386509,33.91302287993181,57.0,1700,23,1
51,2021-04-16 21:50:52.319093,-118.2707053411892,33.89043767132331,88.0,2000,7,1
51,2021-04-16 21:51:02.319093,-118.2721236533108,33.89236493421392,47.0,3250,2,1
51,2021-04-16 21:55:44.319093,-118.1931103357106,33.92647303588576,95.0,750,10,1
51,2021-04-16 21:51:23.319093,-118.27169929361116,33.893134926963874,16.0,900,12,1
51,2021-04-16 21:47:23.319093,-118.13813540467612,33.98347689886274,101.0,3500,23,1
51,2021-04-16 21:53:07.319093,-118.27765780034348,33.915009539480174,70.0,3250,15,1
51,2021-04-16 21:47:12.319093,-118.13223622453728,33.991520560963004,101.0,750,25,1
51,2021-04-16 21:43:33.319093,-118.13698620993893,34.15687610687456,92.0,1520,17,1
51,2021-04-16 21:49:53.319093,-118.23519218705265,33.929171417062285,90.0,750,5,1
51,2021-04-16 21:48:39.319093,-118.1781231089671,33.93328998183386,93.0,750,7,1
51,2021-04-16 21:52:02.319093,-118.27091122841183,33.90824810208066,31.0,800,15,1
51,2021-04-16 21:45:45.319093,-118.14395218416072,34.0604821826237,106.0,800,25,1
51,2021-04-16 21:48:58.319093,-118.1945187888616,33.92938298491047,89.0,1700,5,1
51,2021-04-16 21:49:21.319093,-118.21583836199709,33.9262260089494,97.0,1700,15,1
51,2021-04-16 21:49:28.319093,-118.2204105225178,33.930340920254935,101.0,1700,25,1
51,2021-04-16 21:49:30.319093,-118.2217208536205,33.92966122072209,100.0,1700,15,1
51,2021-04-16 21:45:35.319093,-118.14857551684976,34.06384828182454,105.0,4102,12,1
51,2021-04-16 21:54:08.319093,-118.26101231937764,33.90442830634056,41.0,2000,12,1
51,2021-04-16 21:42:18.319093,-118.11371209997137,34.19369335180421,60.0,3500,2,1
51,2021-04-16 21:55:25.319093,-118.21054919363516,33.925219029297054,100.0,3250,12,1
51,2021-04-16 21:54:28.319093,-118.2498141737699,33.91352282756497,86.0,1700,2,1
51,2021-04-16 21:42:08.319093,-118.10704025102078,34.18901690705908,81.0,900,12,1
51,2021-04-16 21:48:05.319093,-118.16477533989888,33.95378654115075,103.0,2000,2,1
51,2021-04-16 21:48:15.319093,-118.16542602138271,33.94870857783635,102.0,3250,7,1
51,2021-04-16 21:46:12.319093,-118.12959349501224,34.03853800399085,103.0,750,7,1
51,2021-04-16 21:46:25.319093,-118.12657031890627,34.030935136535895,104.0,750,25,1
51,2021-04-16 21:49:42.319093,-118.22965946719128,33.93281320667436,56.0,750,10,1
51,2021-04-16 21:52:11.319093,-118.27345256123552,33.91283235457692,39.0,2000,7,1
51,2021-04-16 21:56:30.319093,-118.16319853713848,33.95109946199921,118.0,1700,10,1
51,2021-04-16 21:46:17.319093,-118.12648993320732,34.03728822835083,100.0,1700,7,1
52,2021-04-16 21:55:11.319093,-118.2228532219683,33.92862677201328,109.0,900,2,1
52,2021-04-16 21:46:51.319093,-118.12993428015724,34.00795718908228,109.0,750,15,1
52,2021-04-16 21:48:17.319093,-118.16393199792545,33.94630122134076,110.0,4102,2,1
52,2021-04-16 21:53:25.319093,-118.26886442931212,33.91408055488888,57.0,750,10,1
52,2021-04-16 21:52:01.319093,-118.26870704008414,33.90893379568553,43.0,900,23,1
52,2021-04-16 21:41:00.319093,-118.08956044011867,34.186408023905244,34.0,750,23,1
52,2021-04-16 21:48:56.319093,-118.1909231754248,33.92922689431299,86.0,800,25,1
52,2021-04-16 21:41:09.319093,-118.08359733571626,34.190821516186425,27.0,3500,5,1
52,2021-04-16 21:47:32.319093,-118.14794446254945,33.979335048789146,104.0,750,23,1
52,2021-04-16 21:47:29.319093,-118.14426940165409,33.979276207836435,106.0,1700,23,1
52,2021-04-16 21:43:41.319093,-118.13421551526456,34.15288664437242,109.0,900,10,1
52,2021-04-16 21:49:41.319093,-118.22798535765492,33.93489447917593,56.0,4102,17,1
52,2021-04-16 21:52:21.319093,-118.27436101822948,33.918171386492546,42.0,4102,12,1
52,2021-04-16 21:51:20.319093,-118.2703950637924,33.89103975339487,9.0,750,10,1
52,2021-04-16 21:41:47.319093,-118.08835352275256,34.189827791120784,44.0,900,25,1
52,2021-04-16 21:55:56.319093,-118.18358946139884,33.93124406636679,108.0,2000,23,1
52,2021-04-16 21:45:27.319093,-118.15397401485548,34.06996729925649,109.0,2000,2,1
52,2021-04-16 21:47:50.319093,-118.15930525933558,33.96630906520047,103.0,750,25,1
52,2021-04-16 21:41:01.319093,-118.08891455921555,34.187478566679914,33.0,4102,10,1
52,2021-04-16 21:46:55.319093,-118.1287753152964,34.004181063754004,105.0,900,7,1
52,2021-04-16 21:43:47.319093,-118.13856247807855,34.149987900244426,86.0,4102,12,1
52,2021-04-16 21:42:24.319093,-118.11903790165589,34.19005165508723,92.0,1700,12,1
53,2021-04-16 21:45:04.319093,-118.15957863105751,34.090568976902574,116.0,900,2,1
53,2021-04-16 21:54:12.319093,-118.25914661170845,33.90605221232555,32.0,750,15,1
53,2021-04-16 21:45:58.319093,-118.13840348903317,34.049496902579826,95.0,4102,15,1
53,2021-04-16 21:49:05.319093,-118.1979415140422,33.92639801751819,95.0,1700,17,1
53,2021-04-16 21:53:02.319093,-118.27824930491772,33.91735691041665,3.0,3500,7,1
53,2021-04-16 21:46:57.319093,-118.12874371478624,34.002722237638324,102.0,1520,17,1
53,2021-04-16 21:44:32.319093,-118.15871059520772,34.11710308403416,121.0,4102,12,1
53,2021-04-16 21:51:08.319093,-118.2685144586026,33.89271920495597,22.0,2000,17,1
54,2021-04-16 21:41:46.319093,-118.08775583953772,34.189933801018945,48.0,750,5,1
54,2021-04-16 21:53:24.319093,-118.26796345194114,33.91445255855593,59.0,3250,7,1
54,2021-04-16 21:46:38.319093,-118.12688989931844,34.01827653109334,109.0,3500,10,1
54,2021-04-16 21:51:11.319093,-118.26988388944535,33.89256550804792,4.0,2000,10,1
54,2021-04-16 21:51:52.319093,-118.26626803268078,33.90315251808971,35.0,900,15,1
54,2021-04-16 21:55:49.319093,-118.1888154875556,33.93077882207174,82.0,3500,2,1
54,2021-04-16 21:43:37.319093,-118.1333864760223,34.157115147524976,98.0,3250,7,1
54,2021-04-16 21:45:25.319093,-118.15352603728212,34.07270775614398,111.0,1700,12,1
55,2021-04-16 21:47:30.319093,-118.14580210371322,33.97946663971246,104.0,1520,5,1
55,2021-04-16 21:46:13.319093,-118.1277757611426,34.038251130214825,101.0,3250,2,1
55,2021-04-16 21:55:00.319093,-118.23231698670205,33.93017629800443,63.0,3250,7,1
55,2021-04-16 21:43:59.319093,-118.14452733381816,34.1416636909099,114.0,1700,7,1
55,2021-04-16 21:54:48.319093,-118.23880641265518,33.92665862289088,89.0,900,7,1
55,2021-04-16 21:51:25.319093,-118.27355476419037,33.89385998286357,21.0,3500,17,1
55,2021-04-16 21:50:31.319093,-118.2581317526576,33.90339920422383,85.0,2000,10,1
55,2021-04-16 21:41:21.319093,-118.08340117032448,34.19008351625481,0.0,900,5,1
55,2021-04-16 21:51:27.319093,-118.27205836304212,33.893296026012194,40.0,4102,5,1
55,2021-04-16 21:47:22.319093,-118.13645203288556,33.98482476754746,104.0,3250,2,1
55,2021-04-16 21:52:34.319093,-118.27336783835922,33.92063590232267,52.0,750,10,1
55,2021-04-16 21:50:53.319093,-118.27228916597905,33.88861723228152,84.0,3500,17,1
55,2021-04-16 21:52:38.319093,-118.27527085880249,33.920007617611354,10.0,4102,17,1
55,2021-04-16 21:47:36.319093,-118.15051350493556,33.978672898381745,100.0,900,7,1
55,2021-04-16 21:47:08.319093,-118.1310126751343,33.99623821297937,108.0,750,12,1
55,2021-04-16 21:51:01.319093,-118.2731414643176,33.891096393872,48.0,1520,12,1
56,2021-04-16 21:53:01.319093,-118.27871897971634,33.917458912232966,3.0,750,17,1
56,2021-04-16 21:42:53.319093,-118.13929101938916,34.17931628793179,114.0,750,7,1
56,2021-04-16 21:54:24.319093,-118.2510445448792,33.90971221714668,88.0,4102,12,1
56,2021-04-16 21:50:56.319093,-118.27177293795108,33.887565075739275,47.0,3500,2,1
56,2021-04-16 21:53:50.319093,-118.26519585515508,33.901541026140855,40.0,3500,10,1
56,2021-04-16 21:54:54.319093,-118.23552654747031,33.92719187993081,46.0,750,23,1
56,2021-04-16 21:41:36.319093,-118.0827447075274,34.193588860862604,24.0,2000,12,1
57,2021-04-16 21:42:50.319093,-118.1361625887976,34.18022587236341,115.0,2000,12,1
57,2021-04-16 21:50:51.319093,-118.26879079781858,33.8883344542655,90.0,4102,15,1
57,2021-04-16 21:51:28.319093,-118.27261077276958,33.89317999863669,47.0,1520,25,1
57,2021-04-16 21:52:53.319093,-118.27920192635322,33.917582983808906,24.0,900,12,1
58,2021-04-16 21:49:45.319093,-118.23154871094046,33.9310355511915,91.0,1700,2,1
58,2021-04-16 21:52:14.319093,-118.27279444147194,33.91525154829015,49.0,750,15,1
58,2021-04-16 21:42:54.319093,-118.13865903213252,34.176974466070696,116.0,3500,12,1
58,2021-04-16 21:52:54.319093,-118.28085922903894,33.916762866334665,20.0,900,23,1
58,2021-04-16 21:50:33.319093,-118.25996334640864,33.90121420208927,87.0,3250,15,1
58,2021-04-16 21:51:48.319093,-118.26841046597336,33.901074162774805,43.0,1520,17,1
59,2021-04-16 21:43:03.319093,-118.14445164724336,34.17073965767517,108.0,900,12,1
59,2021-04-16 21:45:48.319093,-118.1420554662294,34.05680253135987,105.0,1700,25,1
59,2021-04-16 21:44:43.319093,-118.1571335850544,34.107297791956924,112.0,1700,2,1
59,2021-04-16 21:42:20.319093,-118.11405786239428,34.19073195226552,82.0,1520,25,1
59,2021-04-16 21:44:46.319093,-118.1585575062844,34.10582332268106,107.0,4102,17,1
59,2021-04-16 21:49:49.319093,-118.23292356284482,33.92649097747607,92.0,800,7,1
59,2021-04-16 21:46:06.319093,-118.13150180904816,34.044533876178434,103.0,2000,2,1
59,2021-04-16 21:46:23.319093,-118.12616646739824,34.03137017448891,109.0,800,5,1
59,2021-04-16 21:54:51.319093,-118.23660065807329,33.926614260402964,67.0,4102,17,1
59,2021-04-16 21:56:22.319093,-118.16296285244204,33.94548857986806,117.0,4102,23,1
59,2021-04-16 21:45:29.319093,-118.1521009538215,34.06821554875135,107.0,750,25,1
59,2021-04-16 21:47:05.319093,-118.13071938791788,33.99686702633686,106.0,1700,23,1
59,2021-04-16 21:42:32.319093,-118.12534541809828,34.190436326354664,87.0,3500,23,1
60,2021-04-16 21:41:30.319093,-118.08381448763424,34.18981580183379,0.0,750,10,1
60,2021-04-16 21:49:38.319093,-118.2275684592856,33.934187101744854,0.0,1520,12,1
60,2021-04-16 21:54:45.319093,-118.24109109174152,33.92513548240045,93.0,1700,15,1
60,2021-04-16 21:46:50.319093,-118.1268112944938,34.00735116456028,108.0,1700,25,1
60,2021-04-16 21:47:58.319093,-118.16256132979493,33.9611339675108,103.0,900,5,1
61,2021-04-16 21:56:05.319093,-118.17260188998829,33.93429485119593,107.0,750,7,1
61,2021-04-16 21:42:59.319093,-118.1420995723604,34.17658637671608,114.0,1700,2,1
61,2021-04-16 21:41:45.319093,-118.08797345817754,34.18885655175044,56.0,3250,15,1
61,2021-04-16 21:52:36.319093,-118.2734897681636,33.919471124831446,30.0,800,17,1
61,2021-04-16 21:44:33.319093,-118.15747499165872,34.115746209852226,119.0,3500,25,1
61,2021-04-16 21:55:10.319093,-118.22259553370732,33.92967979540392,106.0,1700,2,1
61,2021-04-16 21:49:35.319093,-118.22735954971768,33.93242376216303,32.0,1520,2,1
61,2021-04-16 21:45:19.319093,-118.15537954747424,34.07628868983822,109.0,3250,17,1
61,2021-04-16 21:54:57.319093,-118.23155015222471,33.927929582989826,52.0,4102,7,1
62,2021-04-16 21:54:25.319093,-118.25304778212757,33.91070971050746,91.0,4102,10,1
62,2021-04-16 21:44:00.319093,-118.14386759458958,34.14112958538631,117.0,900,17,1
62,2021-04-16 21:43:02.319093,-118.14204530452164,34.17358422950588,108.0,1700,25,1
62,2021-04-16 21:41:51.319093,-118.09083595172424,34.18724355685611,75.0,1520,23,1
62,2021-04-16 21:55:05.319093,-118.2272764570154,33.93149645823069,82.0,3250,12,1
62,2021-04-16 21:43:22.319093,-118.14624515416494,34.16351717260543,67.0,4102,2,1
62,2021-04-16 21:55:08.319093,-118.2249220644314,33.929875900637285,90.0,4102,15,1
62,2021-04-16 21:47:47.319093,-118.15783201767468,33.97145546893822,103.0,800,17,1
62,2021-04-16 21:43:21.319093,-118.14579624473306,34.163850491735104,69.0,800,15,1
62,2021-04-16 21:54:36.319093,-118.2459620663757,33.91924087808741,72.0,2000,12,1
62,2021-04-16 21:42:22.319093,-118.115332167436,34.18956124244557,87.0,750,23,1
62,2021-04-16 21:53:31.319093,-118.2653179537286,33.91267819707187,75.0,3250,15,1
62,2021-04-16 21:50:11.319093,-118.249077989761,33.91717685808764,92.0,4102,17,1
62,2021-04-16 21:50:06.319093,-118.24600711419976,33.91813938786055,73.0,900,15,1
62,2021-04-16 21:55:27.319093,-118.20739694977846,33.92489744537303,100.0,3250,23,1
62,2021-04-16 21:45:24.319093,-118.15472354763608,34.07508426587286,112.0,1700,10,1
63,2021-04-16 21:47:52.319093,-118.16363091480338,33.96600665483061,107.0,1700,15,1
63,2021-04-16 21:51:41.319093,-118.27349979031396,33.89912264133837,18.0,1520,25,1
63,2021-04-16 21:47:13.319093,-118.13221000194989,33.99104665663916,103.0,1520,10,1
63,2021-04-16 21:53:23.319093,-118.26954829940372,33.9138311293003,32.0,3500,2,1
63,2021-04-16 21:44:55.319093,-118.1583759423056,34.09795312049152,116.0,3500,5,1
63,2021-04-16 21:47:46.319093,-118.15874298618144,33.97029779107828,105.0,1520,23,1
63,2021-04-16 21:52:47.319093,-118.2786903886332,33.91880770533685,1.0,1520,17,1
63,2021-04-16 21:49:17.319093,-118.21162352980475,33.92756652279476,103.0,4102,25,1
63,2021-04-16 21:52:20.319093,-118.27170740707416,33.91616412948129,58.0,1700,15,1
63,2021-04-16 21:45:23.319093,-118.15428646291753,34.0763121222028,111.0,1520,10,1
63,2021-04-16 21:52:40.319093,-118.27670050288413,33.92166612676438,37.0,4102,23,1
63,2021-04-16 21:48:12.319093,-118.1633783287639,33.950719308418535,99.0,900,25,1
63,2021-04-16 21:41:04.319093,-118.08642010277607,34.18940894903005,24.0,3250,10,1
63,2021-04-16 21:42:02.319093,-118.10076222279297,34.18789325721938,84.0,900,10,1
63,2021-04-16 21:56:12.319093,-118.16906765647892,33.938600250059345,109.0,4102,7,1
63,2021-04-16 21:56:20.319093,-118.1661404241387,33.942842007656765,114.0,1700,12,1
65,2021-04-16 21:46:58.319093,-118.1298011118322,34.00142507746584,105.0,3500,10,1
65,2021-04-16 21:54:17.319093,-118.25443269645103,33.904741655936064,58.0,1520,17,1
65,2021-04-16 21:55:34.319093,-118.2006156766188,33.925487368514915,28.0,750,7,1
65,2021-04-16 21:43:28.319093,-118.13965412357928,34.159655011293786,85.0,3250,7,1
65,2021-04-16 21:42:04.319093,-118.1021514026607,34.18587557758524,90.0,3250,17,1
65,2021-04-16 21:47:07.319093,-118.13011705933512,33.99543667919487,108.0,750,10,1
65,2021-04-16 21:43:36.319093,-118.1351316381752,34.154333694098504,93.0,3500,2,1
65,2021-04-16 21:43:23.319093,-118.1425521969354,34.16263331897861,78.0,3500,7,1
65,2021-04-16 21:49:43.319093,-118.23300455094014,33.93253141973303,68.0,800,2,1
65,2021-04-16 21:54:37.319093,-118.24513041375404,33.91925035703733,72.0,2000,15,1
65,2021-04-16 21:49:47.319093,-118.23264302531206,33.932935239463006,93.0,800,17,1
65,2021-04-16 21:53:55.319093,-118.2634389650534,33.902593943308624,0.0,800,25,1
65,2021-04-16 21:41:06.319093,-118.0851121510116,34.189056684982,43.0,3250,23,1
65,2021-04-16 21:42:47.319093,-118.13654795084447,34.1825960424801,113.0,4102,17,1
65,2021-04-16 21:45:52.319093,-118.14036399414108,34.051194876513165,102.0,1520,17,1
66,2021-04-16 21:42:49.319093,-118.13793129668056,34.18031821116668,115.0,750,17,1
66,2021-04-16 21:54:31.319093,-118.2476329729431,33.91551185780599,73.0,800,25,1
66,2021-04-16 21:41:41.319093,-118.08234498863456,34.18904258990263,54.0,3250,17,1
66,2021-04-16 21:52:31.319093,-118.27078920804394,33.92104421517918,0.0,1700,12,1
66,2021-04-16 21:43:29.319093,-118.1394586381125,34.15986004559957,73.0,3250,12,1
66,2021-04-16 21:46:54.319093,-118.130101952999,34.005584896612675,105.0,800,17,1
67,2021-04-16 21:55:23.319093,-118.21013408779024,33.926720696728324,101.0,750,17,1
67,2021-04-16 21:42:09.319093,-118.10697003355492,34.18905954769544,86.0,3500,10,1
67,2021-04-16 21:44:39.319093,-118.15739304129394,34.110829275602605,121.0,3500,15,1
67,2021-04-16 21:46:43.319093,-118.12727736448292,34.01446426771843,109.0,900,12,1
67,2021-04-16 21:47:31.319093,-118.1461849272212,33.97928626029888,104.0,750,10,1
67,2021-04-16 21:54:49.319093,-118.23876552465131,33.92746720829712,89.0,3500,7,1
67,2021-04-16 21:52:07.319093,-118.27198989241836,33.911419552836115,42.0,3250,25,1
67,2021-04-16 21:52:05.319093,-118.27114768063,33.91082595827761,42.0,900,12,1
68,2021-04-16 21:42:57.319093,-118.14184206188476,34.174986958753585,116.0,900,23,1
68,2021-04-16 21:44:36.319093,-118.15895119572671,34.11272715112141,122.0,1520,25,1
68,2021-04-16 21:53:21.319093,-118.2709186590788,33.91468146555336,42.0,900,12,1
68,2021-04-16 21:45:00.319093,-118.16011573692964,34.09276321153515,111.0,800,10,1
69,2021-04-16 21:52:03.319093,-118.2719300418378,33.91006896114849,26.0,1520,12,1
69,2021-04-16 21:56:00.319093,-118.17792421035011,33.932877003124865,109.0,3250,2,1
69,2021-04-16 21:48:06.319093,-118.16383536801072,33.9541160615528,105.0,1700,2,1
69,2021-04-16 21:42:12.319093,-118.10901426407096,34.18884949130623,81.0,800,15,1
69,2021-04-16 21:55:33.319093,-118.20192216193388,33.92523532433629,0.0,1520,15,1
69,2021-04-16 21:43:20.319093,-118.14628426767491,34.163988761927186,59.0,1700,12,1
69,2021-04-16 21:52:04.319093,-118.27190870274056,33.909917842114446,39.0,750,5,1
69,2021-04-16 21:49:10.319093,-118.20645705316544,33.92468573188905,94.0,750,5,1
70,2021-04-16 21:47:17.319093,-118.13323581757444,33.989479638130305,103.0,900,25,1
70,2021-04-16 21:44:27.319093,-118.1562810441692,34.12194390538189,115.0,3500,10,1
70,2021-04-16 21:49:15.319093,-118.20880285606172,33.92669775869063,103.0,3250,12,1
70,2021-04-16 21:42:10.319093,-118.10863749459632,34.18837834063357,87.0,1700,5,1
70,2021-04-16 21:50:37.319093,-118.26266333394037,33.898193430751164,87.0,1700,12,1
70,2021-04-16 21:53:39.319093,-118.26273704686687,33.908363328695046,83.0,3500,5,1
70,2021-04-16 21:48:32.319093,-118.1706229571574,33.935298029086,105.0,2000,12,1
70,2021-04-16 21:53:42.319093,-118.26100846295611,33.906651110804376,28.0,2000,17,1
70,2021-04-16 21:56:24.319093,-118.1652234377363,33.94571274077814,116.0,3500,17,1
72,2021-04-16 21:48:29.319093,-118.17067127855968,33.93974169438219,100.0,750,7,1
72,2021-04-16 21:51:04.319093,-118.27353697385632,33.893239300153525,0.0,750,7,1
73,2021-04-16 21:49:36.319093,-118.22819621491736,33.93210190447963,29.0,1520,15,1
73,2021-04-16 21:53:32.319093,-118.26511756672409,33.914312090456924,89.0,3250,23,1
73,2021-04-16 21:42:48.319093,-118.13802028276066,34.1825716005331,114.0,800,25,1
73,2021-04-16 21:46:48.319093,-118.12792928465892,34.00840058418082,109.0,1520,15,1
73,2021-04-16 21:41:12.319093,-118.08590807024687,34.192749288162524,37.0,750,7,1
73,2021-04-16 21:45:05.319093,-118.15950234748024,34.0911123050928,118.0,800,7,1
73,2021-04-16 21:48:25.319093,-118.16567508107204,33.93921376586605,112.0,2000,15,1
73,2021-04-16 21:49:11.319093,-118.20468897556904,33.92644459104762,95.0,900,17,1
73,2021-04-16 21:47:19.319093,-118.1342777844296,33.98541814440211,107.0,2000,25,1
73,2021-04-16 21:54:22.319093,-118.2543437371444,33.909479620046106,82.0,750,10,1
73,2021-04-16 21:41:33.319093,-118.08351375175344,34.19221965735305,20.0,1520,12,1
73,2021-04-16 21:43:42.319093,-118.1365379126922,34.153340826931625,109.0,2000,10,1
73,2021-04-16 21:43:45.319093,-118.13683041225772,34.15290510003128,111.0,1520,5,1
73,2021-04-16 21:43:48.319093,-118.13786773679377,34.14774499513979,77.0,900,17,1
73,2021-04-16 21:54:26.319093,-118.25066049114702,33.911866473862425,81.0,750,7,1
73,2021-04-16 21:41:50.319093,-118.08910911535943,34.18580672063271,66.0,1520,15,1
73,2021-04-16 21:47:41.319093,-118.1546230019894,33.973052104360164,107.0,2000,12,1
73,2021-04-16 21:55:01.319093,-118.23167913023188,33.929747935909504,58.0,800,15,1
73,2021-04-16 21:49:18.319093,-118.21102414094356,33.92444354408532,100.0,800,17,1
73,2021-04-16 21:47:03.319093,-118.13200684579118,33.998811404006084,106.0,800,7,1
73,2021-04-16 21:51:26.319093,-118.27519044532863,33.892363420161374,0.0,750,25,1
73,2021-04-16 21:49:01.319093,-118.1961421577673,33.92889795377647,82.0,2000,23,1
73,2021-04-16 21:46:07.319093,-118.13174106393062,34.043415937791124,105.0,800,12,1
73,2021-04-16 21:45:34.319093,-118.14951307327864,34.065111684287736,105.0,2000,17,1
74,2021-04-16 21:50:34.319093,-118.26001339125096,33.89957225875055,87.0,3500,5,1
74,2021-04-16 21:50:49.319093,-118.26952180805608,33.888770843446544,85.0,2000,15,1
74,2021-04-16 21:48:51.319093,-118.18695071217378,33.93159512183575,85.0,1700,15,1
74,2021-04-16 21:46:41.319093,-118.12805640801734,34.01727744029285,108.0,1700,7,1
74,2021-04-16 21:48:26.319093,-118.16827134020888,33.93925134975207,105.0,2000,15,1
74,2021-04-16 21:41:35.319093,-118.08407576081514,34.19116260753479,24.0,1700,5,1
75,2021-04-16 21:41:15.319093,-118.0816315782898,34.19225007080113,0.0,1700,2,1
75,2021-04-16 21:51:53.319093,-118.26841440968022,33.903462495921296,34.0,1700,17,1
75,2021-04-16 21:44:40.319093,-118.15908638608208,34.107271023506456,116.0,800,10,1
75,2021-04-16 21:46:03.319093,-118.13421889433413,34.046556337416355,101.0,750,15,1
75,2021-04-16 21:52:29.319093,-118.27259611629002,33.921610891867,0.0,800,15,1
75,2021-04-16 21:53:40.319093,-118.2617132086976,33.90814404776772,66.0,1520,17,1
75,2021-04-16 21:53:11.319093,-118.27674784582716,33.913060343569086,3.0,900,17,1
75,2021-04-16 21:43:01.319093,-118.14359224844672,34.17375823706009,106.0,900,15,1
75,2021-04-16 21:50:17.319093,-118.25117553011066,33.911019292756805,85.0,3250,5,1
76,2021-04-16 21:44:02.319093,-118.14609410227165,34.14108394844178,120.0,3250,25,1
76,2021-04-16 21:43:08.319093,-118.1440451109024,34.16886292653446,69.0,3500,23,1
76,2021-04-16 21:49:26.319093,-118.2180327643757,33.92767701449461,99.0,4102,17,1
76,2021-04-16 21:45:38.319093,-118.14887329865309,34.06216981898273,110.0,2000,17,1
76,2021-04-16 21:47:51.319093,-118.16170875199184,33.96810731981777,106.0,3250,2,1
76,2021-04-16 21:55:20.319093,-118.21313288630829,33.92601375542424,104.0,3500,23,1
76,2021-04-16 21:49:48.319093,-118.2345612840493,33.93107255580341,93.0,1700,12,1
76,2021-04-16 21:55:22.319093,-118.21309410698144,33.92581558481914,102.0,750,10,1
76,2021-04-16 21:55:48.319093,-118.18870145601272,33.93074651084029,85.0,1700,2,1
76,2021-04-16 21:54:46.319093,-118.23953697490148,33.923945513692786,93.0,800,7,1
76,2021-04-16 21:55:29.319093,-118.20597425533516,33.92494380589246,97.0,4102,2,1
76,2021-04-16 21:50:23.319093,-118.25533220175237,33.908812525395376,74.0,1700,7,1
76,2021-04-16 21:54:38.319093,-118.24296000956814,33.921773158916174,89.0,900,12,1
76,2021-04-16 21:55:30.319093,-118.20319077303152,33.92708197940529,90.0,1520,2,1
76,2021-04-16 21:54:04.319093,-118.26361594470696,33.90486838957828,9.0,800,17,1
76,2021-04-16 21:50:40.319093,-118.2628404015704,33.89753869706339,80.0,2000,23,1
76,2021-04-16 21:50:50.319093,-118.26891796990628,33.88930914075705,88.0,750,7,1
76,2021-04-16 21:51:05.319093,-118.27308254204958,33.89323462112155,30.0,4102,15,1
77,2021-04-16 21:48:01.319093,-118.16107801669138,33.95802506281977,108.0,3250,5,1
77,2021-04-16 21:54:59.319093,-118.23202744869774,33.930819434959105,66.0,750,7,1
77,2021-04-16 21:55:21.319093,-118.21200512673128,33.92490696242105,104.0,800,17,1
77,2021-04-16 21:56:27.319093,-118.16367547266172,33.950830334165325,119.0,2000,5,1
77,2021-04-16 21:47:27.319093,-118.1408154535793,33.98257803491852,94.0,900,15,1
77,2021-04-16 21:41:11.319093,-118.081471733945,34.191648500900946,17.0,3250,5,1
77,2021-04-16 21:46:30.319093,-118.12658689253864,34.02526092856829,103.0,1520,25,1
77,2021-04-16 21:43:24.319093,-118.1441069045424,34.163711528778485,98.0,800,15,1
77,2021-04-16 21:45:54.319093,-118.13931727022872,34.04945783461958,103.0,3500,17,1
77,2021-04-16 21:52:23.319093,-118.27446541603356,33.92011509542551,33.0,4102,15,1
77,2021-04-16 21:43:50.319093,-118.1396105584979,34.1486407703328,81.0,2000,10,1
77,2021-04-16 21:43:06.319093,-118.14589782213856,34.16958710425557,71.0,2000,10,1
77,2021-04-16 21:44:08.319093,-118.1519947518145,34.137183479077365,120.0,3500,23,1
77,2021-04-16 21:44:13.319093,-118.1542538715624,34.13225678708334,127.0,900,10,1
77,2021-04-16 21:41:24.319093,-118.08171302984236,34.1898068019361,0.0,1700,15,1
77,2021-04-16 21:53:18.319093,-118.27544456343313,33.91370742412037,23.0,2000,10,1
77,2021-04-16 21:51:06.319093,-118.2718864976424,33.89573582722169,24.0,800,7,1
77,2021-04-16 21:50:19.319093,-118.25199774329973,33.91028965409489,91.0,800,2,1
77,2021-04-16 21:45:07.319093,-118.15946610818916,34.08593408275869,111.0,1700,15,1
77,2021-04-16 21:50:12.319093,-118.24869679705785,33.914980665820465,94.0,3500,15,1
77,2021-04-16 21:45:08.319093,-118.15780982170678,34.0857075686198,111.0,1700,5,1
77,2021-04-16 21:45:11.319093,-118.15642141600344,34.084518895253986,109.0,4102,25,1
77,2021-04-16 21:50:05.319093,-118.24393706333632,33.92077728927947,81.0,900,15,1
77,2021-04-16 21:45:16.319093,-118.1564315596978,34.07945490432602,108.0,3500,2,1
77,2021-04-16 21:50:30.319093,-118.2558812076155,33.902600894998734,73.0,750,25,1
77,2021-04-16 21:42:35.319093,-118.1313061465034,34.18767073852625,88.0,3500,12,1
77,2021-04-16 21:43:25.319093,-118.1432248463176,34.16270930828136,106.0,3250,23,1
77,2021-04-16 21:45:43.319093,-118.14749375800707,34.06149875218111,108.0,900,5,1
78,2021-04-16 21:49:58.319093,-118.24032407136544,33.925763192248624,98.0,1520,23,1
78,2021-04-16 21:54:32.319093,-118.24755634614516,33.91635042189378,69.0,2000,5,1
78,2021-04-16 21:55:06.319093,-118.22798338871748,33.930892395094574,75.0,2000,12,1
78,2021-04-16 21:41:49.319093,-118.08939757594209,34.184743396121924,61.0,2000,7,1
78,2021-04-16 21:41:16.319093,-118.08232660944329,34.190314759224016,0.0,800,23,1
78,2021-04-16 21:48:33.319093,-118.17129421479694,33.936405829728606,104.0,800,23,1
79,2021-04-16 21:47:26.319093,-118.13914196072244,33.98298974299522,96.0,900,5,1
79,2021-04-16 21:43:11.319093,-118.14526567867998,34.16672536656659,90.0,4102,17,1
80,2021-04-16 21:47:18.319093,-118.13432823827183,33.987292119659,104.0,3250,25,1
80,2021-04-16 21:47:15.319093,-118.13252372281158,33.989413004055066,104.0,1520,17,1
80,2021-04-16 21:55:43.319093,-118.1939306917125,33.925578214443625,96.0,2000,17,1
80,2021-04-16 21:45:21.319093,-118.1559831543418,34.07703121273919,108.0,3500,10,1
80,2021-04-16 21:45:26.319093,-118.15324462150296,34.07319454576894,110.0,1700,5,1
80,2021-04-16 21:50:25.319093,-118.25477920208964,33.904242964754246,65.0,1520,25,1
80,2021-04-16 21:42:38.319093,-118.13037722984758,34.18787853125307,88.0,2000,25,1
81,2021-04-16 21:42:06.319093,-118.10419770673072,34.18633930330514,70.0,800,7,1
81,2021-04-16 21:47:25.319093,-118.1397092501332,33.983413146654584,100.0,900,25,1
81,2021-04-16 21:41:31.319093,-118.08072857931658,34.192082268164604,0.0,2000,5,1
81,2021-04-16 21:51:45.319093,-118.27036521248978,33.90046741989933,47.0,3250,23,1
81,2021-04-16 21:56:18.319093,-118.16464983576287,33.942042441846255,114.0,800,15,1
81,2021-04-16 21:48:48.319093,-118.18524100250391,33.93143018597689,88.0,800,23,1
82,2021-04-16 21:42:58.319093,-118.1410621201708,34.17642270422322,115.0,3500,25,1
82,2021-04-16 21:55:14.319093,-118.22073951460794,33.92751920081288,111.0,3500,7,1
82,2021-04-16 21:54:16.319093,-118.25607701660542,33.90676886866417,25.0,1520,25,1
82,2021-04-16 21:53:52.319093,-118.26347392769496,33.901683454971426,14.0,800,15,1
82,2021-04-16 21:43:39.319093,-118.13515035138376,34.15370805296803,105.0,2000,12,1
82,2021-04-16 21:56:17.319093,-118.16724825003438,33.94268154736258,113.0,750,17,1
82,2021-04-16 21:46:11.319093,-118.12963536483662,34.0419603126521,103.0,3500,25,1
82,2021-04-16 21:41:22.319093,-118.08247106153546,34.18943135156351,1.0,750,5,1
83,2021-04-16 21:41:14.319093,-118.08247811600988,34.1925073821591,18.0,3500,7,1
83,2021-04-16 21:54:00.319093,-118.26300741269104,33.90208890230943,35.0,3250,25,1
83,2021-04-16 21:55:16.319093,-118.21683593031236,33.92452619016888,110.0,1520,12,1
83,2021-04-16 21:52:24.319093,-118.27489398608316,33.92172800167938,32.0,1520,25,1
83,2021-04-16 21:47:33.319093,-118.15111998830858,33.97786731957698,104.0,1700,12,1
83,2021-04-16 21:50:00.319093,-118.24081562516731,33.92241266997385,92.0,800,10,1
84,2021-04-16 21:56:01.319093,-118.1763656239419,33.931471976911475,111.0,1520,2,1
84,2021-04-16 21:41:25.319093,-118.08256927827784,34.19150360012393,0.0,3500,12,1
84,2021-04-16 21:47:14.319093,-118.13195206108034,33.987945107283345,104.0,800,10,1
84,2021-04-16 21:47:42.319093,-118.15446122312112,33.97380367196125,109.0,3500,15,1
84,2021-04-16 21:46:49.319093,-118.1270299848006,34.00733025639768,109.0,3500,2,1
84,2021-04-16 21:48:42.319093,-118.17853241890178,33.93327524671298,93.0,2000,15,1
84,2021-04-16 21:54:02.319093,-118.26443485967988,33.90230969855318,39.0,4102,5,1
84,2021-04-16 21:50:14.319093,-118.24900855550592,33.91290017617581,89.0,3250,25,1
85,2021-04-16 21:41:42.319093,-118.08397904232672,34.189787325236786,58.0,900,2,1
85,2021-04-16 21:46:46.319093,-118.1270317230992,34.0121079053547,108.0,800,17,1
85,2021-04-16 21:56:19.319093,-118.1662720224908,33.94287882735314,115.0,1700,2,1
85,2021-04-16 21:48:35.319093,-118.17249376235932,33.934431753881604,96.0,4102,25,1
85,2021-04-16 21:41:19.319093,-118.08335959375474,34.19180059425667,0.0,750,7,1
85,2021-04-16 21:55:17.319093,-118.21590880767504,33.92534075285722,108.0,3500,25,1
85,2021-04-16 21:45:03.319093,-118.15890205673608,34.09222679147398,115.0,1700,23,1
85,2021-04-16 21:44:37.319093,-118.15691930465292,34.11196853462095,119.0,2000,7,1
85,2021-04-16 21:43:38.319093,-118.13494855063402,34.153707600552266,100.0,800,25,1
85,2021-04-16 21:43:26.319093,-118.14109793990772,34.16092414826241,109.0,1700,2,1
85,2021-04-16 21:55:55.319093,-118.1815743377537,33.93241597731349,106.0,1520,15,1
85,2021-04-16 21:53:51.319093,-118.26317393426972,33.903527108470875,24.0,3500,17,1
85,2021-04-16 21:42:45.319093,-118.13580521416633,34.1850367464293,109.0,4102,10,1
85,2021-04-16 21:54:43.319093,-118.2400453318584,33.922814068126414,101.0,1520,7,1
86,2021-04-16 21:53:03.319093,-118.27780789836304,33.91698702071305,53.0,1700,17,1
86,2021-04-16 21:50:01.319093,-118.2424314651697,33.92118415791697,92.0,3250,15,1
86,2021-04-16 21:45:53.319093,-118.14204120167764,34.05201293597107,101.0,2000,23,1
86,2021-04-16 21:49:08.319093,-118.2014050991983,33.92756276133892,96.0,2000,12,1
86,2021-04-16 21:46:00.319093,-118.13626390210244,34.048433814637306,104.0,1700,17,1
86,2021-04-16 21:46:26.319093,-118.12652480448062,34.02849493240035,105.0,2000,2,1
86,2021-04-16 21:43:00.319093,-118.141610451283,34.17596886459221,108.0,750,17,1
86,2021-04-16 21:43:13.319093,-118.14538455314256,34.167140464704296,75.0,1700,25,1
86,2021-04-16 21:56:14.319093,-118.16708040560806,33.93987045247123,110.0,1700,12,1
86,2021-04-16 21:44:03.319093,-118.14887058966232,34.13955581655666,122.0,1520,10,1
86,2021-04-16 21:47:04.319093,-118.13307536066988,33.99827827625966,104.0,1520,2,1
86,2021-04-16 21:43:31.319093,-118.1373747816173,34.15929407866442,72.0,4102,15,1
86,2021-04-16 21:54:56.319093,-118.2332672631287,33.930035837440684,33.0,750,23,1
86,2021-04-16 21:48:27.319093,-118.16901313707714,33.938728775712804,100.0,750,15,1
87,2021-04-16 21:46:33.319093,-118.12711355916213,34.02030750918131,102.0,1700,25,1
87,2021-04-16 21:54:18.319093,-118.25524618707288,33.90767084047316,70.0,800,12,1
87,2021-04-16 21:54:42.319093,-118.24084514005725,33.92416778258958,103.0,3500,7,1
87,2021-04-16 21:41:10.319093,-118.08452045197686,34.191282246048715,38.0,2000,2,1
87,2021-04-16 21:46:40.319093,-118.12730461578327,34.01648721404598,107.0,750,2,1
87,2021-04-16 21:41:56.319093,-118.09495323508928,34.183687066212684,76.0,3250,5,1
87,2021-04-16 21:47:49.319093,-118.15971172505928,33.96880174130193,104.0,1700,7,1
87,2021-04-16 21:49:33.319093,-118.22567423734812,33.93150205742664,79.0,4102,23,1
87,2021-04-16 21:49:29.319093,-118.22252371724636,33.92932206383538,101.0,3500,7,1
87,2021-04-16 21:40:58.319093,-118.08810197718527,34.186630640899025,64.0,3250,5,1
87,2021-04-16 21:43:57.319093,-118.14441192649775,34.145082568335404,106.0,3500,2,1
87,2021-04-16 21:42:27.319093,-118.12142744115872,34.190226220113466,86.0,1700,10,1
87,2021-04-16 21:42:36.319093,-118.13145450058892,34.18741183436106,88.0,4102,12,1
87,2021-04-16 21:44:52.319093,-118.15836405269056,34.10012976278104,114.0,2000,12,1
87,2021-04-16 21:52:10.319093,-118.2702667029114,33.91437095277591,0.0,800,25,1
87,2021-04-16 21:49:52.319093,-118.23399639543888,33.929304811025915,87.0,2000,2,1
87,2021-04-16 21:50:43.319093,-118.26730703409444,33.894982451673926,86.0,3250,25,1
88,2021-04-16 21:52:06.319093,-118.27057127348525,33.91154713826189,48.0,900,5,1
88,2021-04-16 21:48:07.319093,-118.16449626549112,33.953947889683825,106.0,3250,15,1
88,2021-04-16 21:52:16.319093,-118.27306593921608,33.914765072034506,64.0,3250,25,1
88,2021-04-16 21:47:44.319093,-118.15988330147226,33.97408220532103,111.0,1520,2,1
88,2021-04-16 21:41:37.319093,-118.08358309416803,34.19039074477121,20.0,3500,7,1
88,2021-04-16 21:52:27.319093,-118.27386015663129,33.919525088203685,0.0,1700,5,1
88,2021-04-16 21:47:06.319093,-118.1334136746518,33.99572975540601,107.0,900,7,1
88,2021-04-16 21:48:02.319093,-118.16350961225916,33.95921361460573,106.0,750,23,1
88,2021-04-16 21:51:22.319093,-118.27152016978528,33.89353659189607,29.0,2000,12,1
88,2021-04-16 21:45:20.319093,-118.15529738913492,34.076936304720725,109.0,4102,23,1
88,2021-04-16 21:46:37.319093,-118.12627445681044,34.02052417087023,109.0,3250,7,1
88,2021-04-16 21:44:18.319093,-118.15668199500578,34.12772457625927,123.0,3250,2,1
88,2021-04-16 21:51:14.319093,-118.26962935629292,33.89232974038412,0.0,1700,5,1
88,2021-04-16 21:46:31.319093,-118.12710612495272,34.02478412878688,102.0,3500,2,1
88,2021-04-16 21:51:12.319093,-118.2715942104956,33.89119199871905,0.0,3500,23,1
88,2021-04-16 21:55:50.319093,-118.18979687590678,33.92986269577749,93.0,4102,7,1
88,2021-04-16 21:48:38.319093,-118.17643260358382,33.93345904147526,93.0,800,7,1
88,2021-04-16 21:54:06.319093,-118.2615111478038,33.907028476977416,32.0,900,5,1
88,2021-04-16 21:50:18.319093,-118.25216793329253,33.91068325262513,88.0,1700,2,1
88,2021-04-16 21:49:09.319093,-118.20239261340043,33.92498130449604,95.0,3250,15,1
88,2021-04-16 21:49:32.319093,-118.22361350234809,33.93024727908048,93.0,4102,15,1
88,2021-04-16 21:48:19.319093,-118.16618865347384,33.9448092799903,116.0,3500,23,1
88,2021-04-16 21:44:16.319093,-118.15420145506307,34.13042780837339,123.0,900,7,1
